Photo,ID,Group,Origin,Ploidy_level,Number,Petal_area,Petal_length,Petal_width,Sepal_area,Sepal_length,Sepal_width,Stamen_length
45,Cbp-11-1,Cbp,H,4x,1,1.51,2.32,0.95,1.35,1.77,1.06,2.14
45,Cbp-11-1,Cbp,H,4x,2,1.64,2.46,0.99,1.02,1.62,0.85,2.01
45,Cbp-11-1,Cbp,H,4x,3,1.72,2.44,1.08,1.15,1.88,0.83,2.14
45,Cbp-11-1,Cbp,H,4x,4,1.39,2.32,0.98,1.34,1.75,1.06,1.69
45,Cbp-11-1,Cbp,H,4x,5,1.27,2.41,0.77,0.95,1.75,0.73,1.82
45,Cbp-11-1,Cbp,H,4x,6,1.16,2.25,0.78,0.94,1.64,0.75,1.97
63,Cbp-11-2,Cbp,H,4x,1,2.46,2.98,1.35,1.59,2.09,1.08,2.22
63,Cbp-11-2,Cbp,H,4x,2,2.14,2.94,1.19,1.27,1.98,1.01,2.27
63,Cbp-11-2,Cbp,H,4x,3,2.32,3.1,1.19,1.83,2.04,1.4,2.45
63,Cbp-11-2,Cbp,H,4x,4,2.53,3.1,1.31,1.31,1.95,1.05,2.27
63,Cbp-11-2,Cbp,H,4x,5,2.51,2.97,1.36,1.33,1.88,1.1,2.22
63,Cbp-11-2,Cbp,H,4x,6,2.28,3.03,1.21,1.26,1.86,1.05,2.07
77,Cbp-11-3,Cbp,H,4x,1,1.85,2.68,1.15,0.92,1.72,0.8,1.84
77,Cbp-11-3,Cbp,H,4x,2,1.58,2.49,1.1,1.14,1.84,0.94,2.05
77,Cbp-11-3,Cbp,H,4x,3,1.79,2.61,1.14,1.04,1.72,0.84,2.11
77,Cbp-11-3,Cbp,H,4x,4,1.93,2.66,1.13,1.26,1.79,1.17,2.01
77,Cbp-11-3,Cbp,H,4x,5,1.75,2.55,1.08,1.1,1.85,0.85,1.97
77,Cbp-11-3,Cbp,H,4x,6,1.85,2.53,1.15,0.9,1.83,0.74,1.81
35,Cbp-11-4,Cbp,H,4x,1,1.77,2.63,1.04,1.41,1.88,1.07,2.12
35,Cbp-11-4,Cbp,H,4x,2,1.77,2.7,1.05,1.33,1.88,0.94,2.08
35,Cbp-11-4,Cbp,H,4x,3,1.72,2.55,1.02,1.34,1.98,1,2.03
35,Cbp-11-4,Cbp,H,4x,4,2.08,2.8,1.22,1.5,1.93,1.1,2.2
35,Cbp-11-4,Cbp,H,4x,5,1.83,2.71,1.21,1.18,1.84,0.92,2.12
35,Cbp-11-4,Cbp,H,4x,6,1.84,2.77,1.04,1.14,1.8,0.99,2
10,Cbp-11-5,Cbp,H,4x,1,2.15,2.44,1.3,1.32,1.82,1.02,1.99
10,Cbp-11-5,Cbp,H,4x,2,1.96,2.73,1.13,1.25,1.77,1.09,2.05
10,Cbp-11-5,Cbp,H,4x,3,1.8,2.44,1.22,1.36,1.92,1.03,2
10,Cbp-11-5,Cbp,H,4x,4,1.74,2.3,1.12,1.33,1.94,0.92,2.2
10,Cbp-11-5,Cbp,H,4x,5,1.9,2.56,1.1,0.88,1.89,0.74,2.09
10,Cbp-11-5,Cbp,H,4x,6,1.46,1.96,1.01,1.31,1.81,1,1.98
168,Cbp-12-1,Cbp,H,4x,1,1.71,2.46,1.19,1.17,1.77,0.98,1.86
168,Cbp-12-1,Cbp,H,4x,2,1.73,2.38,1.24,1.15,1.65,0.93,2.06
168,Cbp-12-1,Cbp,H,4x,3,1.55,2.4,1.1,0.93,1.65,0.78,1.92
168,Cbp-12-1,Cbp,H,4x,4,1.37,2.2,1.04,1.08,1.66,0.88,1.68
168,Cbp-12-1,Cbp,H,4x,5,1.29,2.09,1.01,1.03,1.62,0.87,1.75
168,Cbp-12-1,Cbp,H,4x,6,1.17,2.06,0.95,1,1.63,0.84,1.79
272,Cbp-12-1,Cbp,H,4x,1,2.04,2.48,1.31,1.16,1.79,0.92,1.92
272,Cbp-12-1,Cbp,H,4x,2,2.2,2.59,1.39,1.21,1.87,0.89,1.92
272,Cbp-12-1,Cbp,H,4x,3,2.28,2.61,1.45,0.99,1.66,0.81,1.84
272,Cbp-12-1,Cbp,H,4x,4,2.38,2.64,1.37,1.21,1.95,0.85,1.95
272,Cbp-12-1,Cbp,H,4x,5,2.72,2.82,1.56,1.32,1.94,0.95,1.97
272,Cbp-12-1,Cbp,H,4x,6,2.56,2.77,1.56,1.35,1.84,1.02,2.1
111,Cbp-12-2,Cbp,H,4x,1,1.77,2.43,1.22,1.22,1.76,0.99,1.73
111,Cbp-12-2,Cbp,H,4x,2,1.56,2.38,1.11,1.04,1.75,0.82,1.94
111,Cbp-12-2,Cbp,H,4x,3,1.72,2.45,1.2,1.23,1.85,0.91,2.11
111,Cbp-12-2,Cbp,H,4x,4,1.66,2.42,1.09,1.34,2,0.95,1.93
111,Cbp-12-2,Cbp,H,4x,5,1.62,2.39,1.11,1.21,1.95,0.85,2.1
111,Cbp-12-2,Cbp,H,4x,6,1.65,2.38,1.14,1.32,1.94,0.9,2.13
36,Cbp-12-3,Cbp,H,4x,1,1.83,2.54,1.24,1.5,1.92,1.09,1.81
36,Cbp-12-3,Cbp,H,4x,2,1.83,2.6,1.18,1.36,1.83,1.02,2
36,Cbp-12-3,Cbp,H,4x,3,1.81,2.6,1.16,1.17,1.89,0.88,2.09
36,Cbp-12-3,Cbp,H,4x,4,1.77,2.5,1.19,1.53,1.87,1.1,2.04
36,Cbp-12-3,Cbp,H,4x,5,1.93,2.62,1.22,1.14,1.73,0.9,1.95
36,Cbp-12-3,Cbp,H,4x,6,1.82,2.53,1.23,1.09,1.77,0.87,2
42,Cbp-12-4,Cbp,H,4x,1,1.58,2.41,1.1,1.46,1.88,1.08,2.2
42,Cbp-12-4,Cbp,H,4x,2,1.65,2.49,1.1,1.13,1.95,0.79,1.99
42,Cbp-12-4,Cbp,H,4x,3,1.52,2.22,1.1,1.35,1.95,0.99,2.09
42,Cbp-12-4,Cbp,H,4x,4,1.23,2.2,0.95,1.23,1.94,0.88,1.67
42,Cbp-12-4,Cbp,H,4x,5,1.27,2.24,0.93,1.2,1.84,0.89,1.86
42,Cbp-12-4,Cbp,H,4x,6,1.24,2.16,0.93,0.9,1.72,0.75,2.16
199,Cbp-12-5,Cbp,H,4x,1,1.85,2.37,1.15,1.19,1.88,0.86,1.85
199,Cbp-12-5,Cbp,H,4x,2,1.87,2.46,1.19,1.13,1.77,0.88,1.86
199,Cbp-12-5,Cbp,H,4x,3,1.95,2.48,1.22,1.34,1.84,1.12,1.91
199,Cbp-12-5,Cbp,H,4x,4,1.74,2.36,1.09,1.42,1.84,1.05,1.84
199,Cbp-12-5,Cbp,H,4x,5,1.65,2.32,1.08,1.22,1.88,0.86,2.01
199,Cbp-12-5,Cbp,H,4x,6,1.64,2.31,1.04,1.25,1.91,0.94,1.89
40,Cbp-12-6,Cbp,H,4x,1,2.19,2.84,1.24,1.43,2.02,1,2.32
40,Cbp-12-6,Cbp,H,4x,2,2.24,2.8,1.3,1.57,2.01,1.04,2.28
40,Cbp-12-6,Cbp,H,4x,3,2.21,2.79,1.32,1.44,2.27,0.89,2.14
40,Cbp-12-6,Cbp,H,4x,4,2.22,2.6,1.3,1.59,2.04,1.08,2.15
40,Cbp-12-6,Cbp,H,4x,5,2.12,2.57,1.23,1.16,2.09,0.84,2.14
40,Cbp-12-6,Cbp,H,4x,6,2.06,2.67,1.21,1.25,1.99,0.95,2.27
297,Cbp-3-1,Cbp,H,4x,1,1.86,2.35,1.2,0.97,1.73,0.75,1.77
297,Cbp-3-1,Cbp,H,4x,2,1.9,2.43,1.25,0.96,1.58,0.88,1.85
297,Cbp-3-1,Cbp,H,4x,3,2.08,2.32,1.31,1.07,1.77,0.83,1.91
297,Cbp-3-1,Cbp,H,4x,NA,NA,NA,NA,NA,NA,NA,1.56
297,Cbp-3-1,Cbp,H,4x,NA,NA,NA,NA,NA,NA,NA,1.41
297,Cbp-3-1,Cbp,H,4x,NA,NA,NA,NA,NA,NA,NA,1.86
177,Cbp-3-2,Cbp,H,4x,1,1.87,2.33,1.21,1,1.63,0.81,1.88
177,Cbp-3-2,Cbp,H,4x,2,1.78,2.3,1.16,1.02,1.62,0.82,1.79
177,Cbp-3-2,Cbp,H,4x,3,1.84,2.4,1.2,0.98,1.66,0.79,1.79
177,Cbp-3-2,Cbp,H,4x,4,1.68,2.3,1.16,1,1.66,0.78,1.68
177,Cbp-3-2,Cbp,H,4x,5,1.47,2.12,1.16,1.06,1.7,0.86,1.85
177,Cbp-3-2,Cbp,H,4x,6,1.47,2.12,1.04,1.01,1.66,0.82,1.76
278,Cbp-3-3,Cbp,H,4x,1,1.61,2.44,0.97,0.86,1.58,0.75,1.76
278,Cbp-3-3,Cbp,H,4x,2,1.76,2.43,1.17,0.97,1.63,0.83,1.77
278,Cbp-3-3,Cbp,H,4x,3,1.85,2.41,1.12,0.88,1.59,0.75,1.88
278,Cbp-3-3,Cbp,H,4x,4,2.01,2.62,1.18,1.01,1.7,0.89,1.79
278,Cbp-3-3,Cbp,H,4x,5,1.99,2.54,1.2,0.96,1.67,0.81,1.8
278,Cbp-3-3,Cbp,H,4x,6,1.79,2.66,1.15,0.93,1.72,0.75,1.79
248,Cbp-3-4,Cbp,H,4x,1,1.87,2.46,1.16,1.07,1.71,0.88,1.78
248,Cbp-3-4,Cbp,H,4x,2,1.92,2.52,1.17,0.95,1.7,0.74,1.76
248,Cbp-3-4,Cbp,H,4x,3,1.84,2.45,1.11,0.85,1.73,0.71,1.91
248,Cbp-3-4,Cbp,H,4x,4,2.22,2.69,1.3,1.13,1.85,0.8,1.85
248,Cbp-3-4,Cbp,H,4x,5,2.22,2.77,1.28,1.16,1.82,0.87,2.01
248,Cbp-3-4,Cbp,H,4x,6,2.19,2.61,1.27,1.03,1.72,0.87,2.06
160,Cbp-3-5,Cbp,H,4x,1,1.89,2.6,1.15,1.07,1.75,0.87,1.81
160,Cbp-3-5,Cbp,H,4x,2,1.86,2.55,1.18,0.95,1.69,0.78,1.82
160,Cbp-3-5,Cbp,H,4x,3,1.83,2.5,1.16,0.98,1.66,0.81,1.87
160,Cbp-3-5,Cbp,H,4x,4,1.85,2.48,1.2,1.17,1.73,0.93,1.92
160,Cbp-3-5,Cbp,H,4x,5,1.66,2.53,1.08,0.98,1.79,0.81,1.83
160,Cbp-3-5,Cbp,H,4x,6,1.85,2.48,1.2,1.06,1.67,0.8,1.96
281,Cbp-3-6,Cbp,H,4x,1,1.93,2.58,1.21,1.02,1.73,0.88,2.18
281,Cbp-3-6,Cbp,H,4x,2,1.72,2.47,1.12,0.97,1.63,0.78,1.84
281,Cbp-3-6,Cbp,H,4x,3,2,2.54,1.24,0.97,1.62,0.83,1.82
281,Cbp-3-6,Cbp,H,4x,4,2.05,2.5,1.29,1.08,1.61,0.9,1.97
281,Cbp-3-6,Cbp,H,4x,5,2.06,2.62,1.26,1.14,1.65,0.96,2.03
281,Cbp-3-6,Cbp,H,4x,6,2.03,2.62,1.24,1,1.55,0.93,1.99
46,Cbp-4-1,Cbp,H,4x,1,1.41,2.23,1.02,0.97,1.64,0.76,1.82
46,Cbp-4-1,Cbp,H,4x,2,1.37,2.24,1.05,0.69,1.44,0.72,1.67
46,Cbp-4-1,Cbp,H,4x,3,1.32,2.09,0.96,0.92,1.51,0.93,1.79
46,Cbp-4-1,Cbp,H,4x,4,1.3,2.11,0.93,0.78,1.59,0.66,1.78
46,Cbp-4-1,Cbp,H,4x,5,1.32,2.02,0.98,0.64,1.4,0.66,1.67
46,Cbp-4-1,Cbp,H,4x,6,1.16,1.76,0.95,0.86,1.51,0.81,1.62
3,Cbp-4-2,Cbp,H,4x,1,1.31,2.05,1.06,0.88,1.55,0.79,1.67
3,Cbp-4-2,Cbp,H,4x,2,1.33,2.02,1.04,0.76,1.61,0.64,1.8
3,Cbp-4-2,Cbp,H,4x,3,1.27,2.04,1.01,1.09,1.78,0.81,1.72
3,Cbp-4-2,Cbp,H,4x,4,1.35,2.01,1.03,0.65,1.45,0.64,1.53
3,Cbp-4-2,Cbp,H,4x,5,1.47,2.15,1.11,0.85,1.45,0.92,1.88
3,Cbp-4-2,Cbp,H,4x,6,1.36,2.1,0.96,0.9,1.68,0.74,1.87
43,Cbp-4-3,Cbp,H,4x,1,0.9,1.89,0.77,0.86,1.57,0.77,1.62
43,Cbp-4-3,Cbp,H,4x,2,0.84,1.76,0.8,0.55,1.46,0.52,1.55
43,Cbp-4-3,Cbp,H,4x,3,0.91,1.82,0.8,0.81,1.46,0.76,1.6
43,Cbp-4-3,Cbp,H,4x,4,0.94,1.69,0.83,0.77,1.31,0.82,1.65
43,Cbp-4-3,Cbp,H,4x,5,0.78,1.57,0.77,0.55,1.25,0.67,1.38
43,Cbp-4-3,Cbp,H,4x,6,0.9,1.67,0.81,0.72,1.37,0.81,1.58
27,Cbp-4-4,Cbp,H,4x,1,1.05,1.79,0.91,0.54,1.2,0.77,1.53
27,Cbp-4-4,Cbp,H,4x,2,1.02,1.79,0.86,0.6,1.47,0.6,1.48
27,Cbp-4-4,Cbp,H,4x,3,1.03,1.66,0.93,0.63,1.35,0.67,1.6
27,Cbp-4-4,Cbp,H,4x,4,0.82,1.61,0.84,0.42,1.08,0.63,1.55
27,Cbp-4-4,Cbp,H,4x,5,0.76,1.46,0.79,0.51,1.13,0.69,1.42
27,Cbp-4-4,Cbp,H,4x,6,0.86,1.62,0.87,0.52,1.03,0.78,1.47
30,Cbp-4-5,Cbp,H,4x,1,1.03,1.93,0.88,0.63,1.47,0.64,1.73
30,Cbp-4-5,Cbp,H,4x,2,0.94,1.65,0.82,0.66,1.46,0.62,1.68
30,Cbp-4-5,Cbp,H,4x,3,1.06,1.81,0.89,0.59,1.41,0.57,1.75
30,Cbp-4-5,Cbp,H,4x,4,1.23,1.99,0.94,0.56,1.3,0.67,1.7
30,Cbp-4-5,Cbp,H,4x,5,1.27,1.98,0.97,0.66,1.41,0.71,1.74
30,Cbp-4-5,Cbp,H,4x,6,1.28,1.97,1.04,0.81,1.47,0.82,1.74
6,Cbp-4-6,Cbp,H,4x,1,1.13,1.98,0.88,0.93,1.56,0.86,1.68
6,Cbp-4-6,Cbp,H,4x,2,1,1.73,0.83,0.66,1.51,0.66,1.58
6,Cbp-4-6,Cbp,H,4x,3,1.15,1.8,0.97,0.78,1.59,0.67,1.61
6,Cbp-4-6,Cbp,H,4x,4,1.04,1.76,0.87,0.82,1.46,0.78,1.69
6,Cbp-4-6,Cbp,H,4x,5,1.17,1.86,0.95,0.69,1.39,0.71,1.52
6,Cbp-4-6,Cbp,H,4x,6,1.15,1.8,0.96,1.03,1.51,0.95,1.65
298,Cbp-6-1,Cbp,H,4x,1,2.9,3.11,1.61,1.56,2.13,1.01,2.1
298,Cbp-6-1,Cbp,H,4x,2,2.72,3.07,1.54,1.52,2.15,0.99,2.1
298,Cbp-6-1,Cbp,H,4x,3,2.83,3.26,1.48,1.37,2.2,0.86,2.24
298,Cbp-6-1,Cbp,H,4x,4,2.49,2.82,1.5,1.17,1.73,1.02,2.01
298,Cbp-6-1,Cbp,H,4x,5,2.29,2.76,1.44,1.23,1.78,1.06,2.04
298,Cbp-6-1,Cbp,H,4x,6,2.18,2.67,1.45,0.96,1.77,0.75,2.11
106,Cbp-6-2,Cbp,H,4x,1,1.5,2.29,1.17,1.39,1.84,1.08,2.08
106,Cbp-6-2,Cbp,H,4x,2,1.43,2.27,1.14,0.79,1.84,0.64,1.86
106,Cbp-6-2,Cbp,H,4x,3,1.31,2.17,0.99,1.3,1.84,0.98,2.01
106,Cbp-6-2,Cbp,H,4x,4,1.42,2.36,1.04,1.25,1.75,1.01,1.89
106,Cbp-6-2,Cbp,H,4x,5,1.29,2.2,1.03,0.82,1.66,0.7,1.91
106,Cbp-6-2,Cbp,H,4x,6,1.4,2.27,1.12,1.2,1.87,0.86,1.87
276,Cbp-6-3,Cbp,H,4x,1,1.82,2.43,1.19,1.29,1.68,1.06,1.95
276,Cbp-6-3,Cbp,H,4x,2,1.71,2.41,1.14,1.19,1.68,1.06,1.98
276,Cbp-6-3,Cbp,H,4x,3,1.8,2.46,1.2,1.01,1.63,0.89,1.94
276,Cbp-6-3,Cbp,H,4x,4,1.99,2.64,1.29,1.28,1.88,0.99,2.13
276,Cbp-6-3,Cbp,H,4x,5,2.09,2.67,1.39,1.12,1.79,0.9,2.02
276,Cbp-6-3,Cbp,H,4x,6,2.01,2.59,1.3,1.02,2,0.72,2.03
292,Cbp-6-4,Cbp,H,4x,1,2.01,2.67,1.35,1.31,1.85,1.01,2.11
292,Cbp-6-4,Cbp,H,4x,2,2.63,2.64,1.78,1.07,1.79,0.83,2.11
292,Cbp-6-4,Cbp,H,4x,3,1.7,2.62,1.15,1.32,1.8,1,2.23
292,Cbp-6-4,Cbp,H,4x,4,1.89,2.49,1.3,1.22,1.84,1.01,2.08
292,Cbp-6-4,Cbp,H,4x,5,2.18,2.57,1.44,0.95,1.63,0.92,2.13
292,Cbp-6-4,Cbp,H,4x,6,1.7,2.54,1.17,1.35,1.64,1.16,2.16
293,Cbp-6-5,Cbp,H,4x,1,2.5,2.8,1.54,1.64,2.08,1.1,2.2
293,Cbp-6-5,Cbp,H,4x,2,2.63,2.78,1.65,1.46,2.21,0.97,2.29
293,Cbp-6-5,Cbp,H,4x,3,2.26,2.73,1.43,1.29,1.98,0.86,2.33
293,Cbp-6-5,Cbp,H,4x,4,2.89,2.87,1.75,1.47,2.19,0.96,2.3
293,Cbp-6-5,Cbp,H,4x,5,2.67,2.94,1.52,1.26,1.89,0.87,2.35
293,Cbp-6-5,Cbp,H,4x,6,2.8,2.96,1.63,1.35,2.03,0.9,2.25
152,Cbp-6-6,Cbp,H,4x,1,1.53,2.49,1.13,1.42,1.81,1.02,2.06
152,Cbp-6-6,Cbp,H,4x,2,1.62,2.44,1.15,1.12,1.91,0.8,2.04
152,Cbp-6-6,Cbp,H,4x,3,1.6,2.49,1.11,1.39,1.93,0.98,2.05
152,Cbp-6-6,Cbp,H,4x,4,2.14,2.75,1.46,1.59,1.98,1.08,2.05
152,Cbp-6-6,Cbp,H,4x,5,2.18,2.71,1.41,1.45,1.94,1.02,2.17
152,Cbp-6-6,Cbp,H,4x,6,1.79,2.59,1.28,1.28,1.88,0.9,2.16
209,Cbp-8-1,Cbp,H,4x,1,2.21,2.98,1.13,1.12,1.99,0.77,2.26
209,Cbp-8-1,Cbp,H,4x,2,2.38,3.05,1.26,1,1.85,0.76,2.29
209,Cbp-8-1,Cbp,H,4x,3,2.05,2.94,1.12,1.04,1.98,0.8,2.35
209,Cbp-8-1,Cbp,H,4x,4,1.91,2.7,1.14,1.18,1.92,0.82,2.11
209,Cbp-8-1,Cbp,H,4x,5,1.94,2.66,1.21,1.15,1.89,0.8,2.1
209,Cbp-8-1,Cbp,H,4x,6,1.84,2.65,1.11,0.97,1.73,0.76,2.18
268,Cbp-8-2,Cbp,H,4x,1,2.18,2.87,1.19,1.21,2.04,0.8,2.06
268,Cbp-8-2,Cbp,H,4x,2,2.15,2.9,1.17,1.16,1.95,0.79,2.1
268,Cbp-8-2,Cbp,H,4x,3,2.17,2.89,1.16,0.94,1.98,0.63,2.03
268,Cbp-8-2,Cbp,H,4x,4,1.64,2.61,0.95,1.07,1.95,0.74,2.07
268,Cbp-8-2,Cbp,H,4x,5,2.02,2.9,1.05,0.89,1.83,0.67,2.11
268,Cbp-8-2,Cbp,H,4x,6,1.66,2.67,1.04,1.13,1.96,0.81,2.25
178,Cbp-8-3,Cbp,H,4x,1,2.48,2.98,1.37,1.19,1.97,0.82,2.31
178,Cbp-8-3,Cbp,H,4x,2,2.23,2.89,1.31,1.19,2,0.82,2.32
178,Cbp-8-3,Cbp,H,4x,3,2.3,2.99,1.31,1,1.86,0.73,2.5
178,Cbp-8-3,Cbp,H,4x,4,2.71,3.14,1.44,1.4,2.06,0.9,2.5
178,Cbp-8-3,Cbp,H,4x,5,2.54,3.04,1.38,1.22,2.04,0.8,2.45
178,Cbp-8-3,Cbp,H,4x,6,2.51,3.07,1.53,1.2,2,0.81,2.27
202,Cbp-8-4,Cbp,H,4x,1,1.82,2.73,1.15,1.17,1.9,0.88,2.21
202,Cbp-8-4,Cbp,H,4x,2,1.8,2.8,0.94,1.01,1.86,0.75,2.19
202,Cbp-8-4,Cbp,H,4x,3,1.82,2.76,1.08,0.82,1.84,0.64,2.19
202,Cbp-8-4,Cbp,H,4x,4,1.96,2.84,1.09,1.08,1.91,0.83,2.13
202,Cbp-8-4,Cbp,H,4x,5,1.78,2.73,1.01,0.98,1.87,0.74,2.13
202,Cbp-8-4,Cbp,H,4x,6,1.74,2.69,1,0.81,1.82,0.61,2.2
266,Cbp-8-6,Cbp,H,4x,1,2.14,2.71,1.24,1.13,1.85,0.85,2.13
266,Cbp-8-6,Cbp,H,4x,2,2.21,2.83,1.2,1.06,1.79,0.82,2.44
266,Cbp-8-6,Cbp,H,4x,3,2.17,2.8,1.18,1.04,1.82,0.81,2.2
266,Cbp-8-6,Cbp,H,4x,4,2.16,2.87,1.2,1.25,1.96,0.84,2.3
266,Cbp-8-6,Cbp,H,4x,5,2.48,2.98,1.32,0.95,1.8,0.72,2.17
266,Cbp-8-6,Cbp,H,4x,6,2.25,2.86,1.23,1.05,1.88,0.78,2.19
68,Cg2-1-2,Cg2,NH,2x,1,5.44,3.38,2.39,1.72,1.83,1.4,2.32
68,Cg2-1-2,Cg2,NH,2x,2,5.62,3.48,2.38,1.66,1.81,1.38,2.44
68,Cg2-1-2,Cg2,NH,2x,3,5.29,3.3,2.35,1.76,1.84,1.4,2.33
68,Cg2-1-2,Cg2,NH,2x,4,4.78,3.25,2.18,1.4,1.63,1.22,2.08
68,Cg2-1-2,Cg2,NH,2x,5,5.04,3.18,2.3,1.09,1.42,1.19,2.1
68,Cg2-1-2,Cg2,NH,2x,6,4.69,3.11,2.22,1.22,1.56,1.18,2.15
58,Cg2-12-1,Cg2,NH,2x,1,9.67,5.1,3.03,2.32,2.31,1.36,2.68
58,Cg2-12-1,Cg2,NH,2x,2,8.72,4.81,2.86,2.26,2.69,1.18,2.62
58,Cg2-12-1,Cg2,NH,2x,3,8.11,4.9,2.68,2.28,2.54,1.28,2.58
58,Cg2-12-1,Cg2,NH,2x,4,9.04,4.95,2.97,1.63,2.18,1.09,2.83
58,Cg2-12-1,Cg2,NH,2x,5,8.51,4.76,2.89,1.9,2.18,1.35,2.5
58,Cg2-12-1,Cg2,NH,2x,6,8.48,4.72,2.81,1.53,2.06,1.01,2.5
20,Cg2-12-2,Cg2,NH,2x,1,8.5,4.31,3.05,2.68,2.46,1.67,2.77
20,Cg2-12-2,Cg2,NH,2x,2,8.77,4.38,3.07,2.8,2.56,1.55,2.6
20,Cg2-12-2,Cg2,NH,2x,3,8.72,4.55,3.03,3.24,2.84,1.87,2.69
20,Cg2-12-2,Cg2,NH,2x,4,7.88,4.3,2.86,2.14,2.22,1.49,2.48
20,Cg2-12-2,Cg2,NH,2x,5,7.33,4.07,2.72,2.22,2.42,1.29,2.44
20,Cg2-12-2,Cg2,NH,2x,6,7.87,4.23,2.95,2.62,2.39,1.46,2.42
172,Cg2-12-3,Cg2,NH,2x,1,4,2.95,2.11,1.48,1.75,1.26,2.05
172,Cg2-12-3,Cg2,NH,2x,2,4.14,2.99,2.14,1.19,1.81,0.86,2.07
172,Cg2-12-3,Cg2,NH,2x,3,3.83,2.93,2.01,1.03,1.84,0.79,2.31
172,Cg2-12-3,Cg2,NH,2x,4,4.69,3.24,2.25,1.7,1.88,1.22,2.36
172,Cg2-12-3,Cg2,NH,2x,5,4.21,3.11,2.15,1.26,2.19,0.82,2.1
172,Cg2-12-3,Cg2,NH,2x,6,5.32,3.32,2.5,1.48,1.97,1.08,2.14
88,Cg2-12-4,Cg2,NH,2x,1,7.3,4.2,2.8,1.72,2.11,1.15,2.79
88,Cg2-12-4,Cg2,NH,2x,2,6.77,3.98,2.7,1.79,1.99,1.25,2.1
88,Cg2-12-4,Cg2,NH,2x,3,6.79,3.87,2.84,1.75,1.98,1.21,2.3
88,Cg2-12-4,Cg2,NH,2x,4,7.9,4.15,2.91,1.56,1.93,1.15,2.23
88,Cg2-12-4,Cg2,NH,2x,5,7.54,4.16,2.87,1.72,1.82,1.31,2.47
88,Cg2-12-4,Cg2,NH,2x,6,7.88,4.27,2.98,1.51,1.94,1.23,2.23
237,Cg2-12-5,Cg2,NH,2x,1,7.84,4.64,2.71,2.37,2.46,1.39,2.79
237,Cg2-12-5,Cg2,NH,2x,2,7.92,4.53,2.76,2.28,2.52,1.27,2.75
237,Cg2-12-5,Cg2,NH,2x,3,8.06,4.5,2.79,2.12,2.65,1.12,2.76
237,Cg2-12-5,Cg2,NH,2x,4,7.94,4.51,2.79,2.23,2.5,1.31,2.68
237,Cg2-12-5,Cg2,NH,2x,5,7.61,4.37,2.67,2.17,2.39,1.23,2.66
237,Cg2-12-5,Cg2,NH,2x,6,7.88,4.6,2.72,2.13,2.54,1.19,2.67
203,Cg2-12-6,Cg2,NH,2x,1,7.64,4.44,2.76,2.21,2.49,1.39,2.63
203,Cg2-12-6,Cg2,NH,2x,2,7.15,4.33,2.65,1.64,2.21,1.03,2.51
203,Cg2-12-6,Cg2,NH,2x,3,7.5,4.39,2.73,1.96,2.34,1.4,2.54
203,Cg2-12-6,Cg2,NH,2x,4,7.48,4.36,2.76,2.28,2.41,1.33,2.61
203,Cg2-12-6,Cg2,NH,2x,5,7.1,4.27,2.64,2.04,2.45,1.2,2.5
203,Cg2-12-6,Cg2,NH,2x,6,7.49,4.4,2.72,2.13,2.29,1.42,2.52
249,Cg2-1-3,Cg2,NH,2x,1,6.31,3.96,2.4,1.58,2.04,1.13,2.31
249,Cg2-1-3,Cg2,NH,2x,2,6.33,4.05,2.45,1.6,1.97,1.16,2.22
249,Cg2-1-3,Cg2,NH,2x,3,5.87,3.9,2.27,1.37,1.94,1.09,2.42
249,Cg2-1-3,Cg2,NH,2x,4,6.1,3.91,2.37,1.56,2.03,1.13,2.47
249,Cg2-1-3,Cg2,NH,2x,5,5.64,3.61,2.3,1.54,2.16,1.03,2.29
249,Cg2-1-3,Cg2,NH,2x,6,6.19,4.06,2.34,1.39,2.04,1.07,2.31
55,Cg2-13-5,Cg2,NH,2x,1,8.73,4.71,2.91,2.3,2.43,1.27,2.94
55,Cg2-13-5,Cg2,NH,2x,2,8.23,4.58,2.79,2.37,2.37,1.42,2.85
55,Cg2-13-5,Cg2,NH,2x,3,8.07,4.47,2.85,2.15,2.51,1.21,2.97
55,Cg2-13-5,Cg2,NH,2x,4,8.3,4.72,2.84,2,2.35,1.2,2.89
55,Cg2-13-5,Cg2,NH,2x,5,8.18,4.52,2.82,1.61,2.37,0.96,2.92
55,Cg2-13-5,Cg2,NH,2x,6,8.3,4.6,2.86,1.85,2.13,1.22,2.92
257,Cg2-1-4,Cg2,NH,2x,1,7.48,4.58,2.51,1.93,2.41,1.13,2.58
257,Cg2-1-4,Cg2,NH,2x,2,7.7,4.51,2.61,1.57,2.25,1,2.56
257,Cg2-1-4,Cg2,NH,2x,3,7.37,4.48,2.53,1.53,2.3,0.94,2.59
257,Cg2-1-4,Cg2,NH,2x,4,6.76,4.3,2.44,1.68,1.99,1.16,2.54
257,Cg2-1-4,Cg2,NH,2x,5,6.3,4.01,2.37,1.55,2.05,1.1,2.12
257,Cg2-1-4,Cg2,NH,2x,6,6.64,4.17,2.44,1.52,2.1,1.03,2.48
230,Cg2-14-1,Cg2,NH,2x,1,5.62,3.55,2.51,1.51,2.06,1.05,2.47
230,Cg2-14-1,Cg2,NH,2x,2,5.69,3.64,2.5,1.49,1.98,1.12,2.52
230,Cg2-14-1,Cg2,NH,2x,3,5.59,3.6,2.41,1.5,2.09,1.07,2.6
230,Cg2-14-1,Cg2,NH,2x,4,6.14,3.64,2.61,1.76,2.13,1.11,2.49
230,Cg2-14-1,Cg2,NH,2x,5,6.31,3.85,2.57,1.59,2.3,0.86,2.49
230,Cg2-14-1,Cg2,NH,2x,6,6.48,3.77,2.63,1.48,2.15,1.03,2.51
219,Cg2-14-2,Cg2,NH,2x,1,5.77,4.16,2.18,1.77,2.22,1.16,2.75
219,Cg2-14-2,Cg2,NH,2x,2,5.72,4.17,2.17,1.85,2.26,1.11,2.85
219,Cg2-14-2,Cg2,NH,2x,3,6.04,4.34,2.22,1.82,2.27,1.25,2.84
219,Cg2-14-2,Cg2,NH,2x,4,6.05,4.3,2.19,2.05,2.14,1.33,2.85
219,Cg2-14-2,Cg2,NH,2x,5,5.95,4.19,2.17,1.69,2.17,1.11,2.86
219,Cg2-14-2,Cg2,NH,2x,6,5.48,4.11,2.13,1.86,2.24,1.23,2.83
277,Cg2-14-4,Cg2,NH,2x,1,6.51,4.19,2.52,1.74,2.28,1.08,2.95
277,Cg2-14-4,Cg2,NH,2x,2,7.19,4.24,2.71,1.82,2.07,1.2,2.82
277,Cg2-14-4,Cg2,NH,2x,3,6.57,4.17,2.57,1.76,2.22,1.07,2.69
277,Cg2-14-4,Cg2,NH,2x,4,7.1,4.62,2.55,2.03,2.22,1.22,2.37
277,Cg2-14-4,Cg2,NH,2x,5,6.83,4.21,2.53,1.83,2.1,1.21,2.9
277,Cg2-14-4,Cg2,NH,2x,6,6.5,4.23,2.41,2.03,2.26,1.28,2.71
183,Cg2-14-5,Cg2,NH,2x,1,6.56,3.82,2.71,1.6,1.91,1.21,2.18
183,Cg2-14-5,Cg2,NH,2x,2,6.23,3.66,2.59,1.51,2.16,0.96,2.17
183,Cg2-14-5,Cg2,NH,2x,3,5.93,3.72,2.51,1.17,1.9,0.87,2.18
183,Cg2-14-5,Cg2,NH,2x,4,6.66,3.85,2.68,2.11,2.24,1.39,2.2
183,Cg2-14-5,Cg2,NH,2x,5,6.22,3.75,2.55,1.58,2.06,1.19,2.27
183,Cg2-14-5,Cg2,NH,2x,6,6.08,3.64,2.57,1.68,2.03,1.15,2.2
136,Cg2-14-6,Cg2,NH,2x,1,6.5,4.13,2.51,2.36,2.35,1.37,2.73
136,Cg2-14-6,Cg2,NH,2x,2,6.47,4.22,2.52,1.99,2.51,1.13,2.7
136,Cg2-14-6,Cg2,NH,2x,3,6.4,4.25,2.48,2.31,2.28,1.45,2.64
136,Cg2-14-6,Cg2,NH,2x,4,6.18,3.92,2.53,2.14,2.24,1.41,2.5
136,Cg2-14-6,Cg2,NH,2x,5,6.29,3.81,2.58,1.82,2.31,1.13,2.41
136,Cg2-14-6,Cg2,NH,2x,6,5.98,3.78,2.5,1.95,2.22,1.34,2.46
261,Cg2-1-6,Cg2,NH,2x,1,9.34,4.64,3.1,2.23,2.26,1.37,2.68
261,Cg2-1-6,Cg2,NH,2x,2,8.52,4.46,2.87,2.02,2.41,1.26,2.45
261,Cg2-1-6,Cg2,NH,2x,3,8.81,4.53,2.92,2.13,2.41,1.34,2.38
261,Cg2-1-6,Cg2,NH,2x,4,8.42,4.41,2.86,1.81,2.24,1.17,2.42
261,Cg2-1-6,Cg2,NH,2x,5,8.24,4.34,2.89,2.02,2.39,1.24,2.48
261,Cg2-1-6,Cg2,NH,2x,6,8.64,4.4,2.94,1.87,2.4,1.08,2.44
287,Cg2-2-1,Cg2,NH,2x,1,6.98,4.18,2.52,1.72,2.14,1.13,2.52
287,Cg2-2-1,Cg2,NH,2x,2,6.3,4.02,2.39,1.76,2.23,1.14,2.46
287,Cg2-2-1,Cg2,NH,2x,3,6.78,4.29,2.49,1.66,2.17,1.08,2.41
287,Cg2-2-1,Cg2,NH,2x,4,6.2,3.95,2.35,1.74,2.1,1.2,2.43
287,Cg2-2-1,Cg2,NH,2x,5,6.62,3.99,2.5,1.47,2.01,0.97,2.59
287,Cg2-2-1,Cg2,NH,2x,6,6.36,3.92,2.42,1.42,2.11,0.89,2.45
296,Cg2-2-1,Cg2,NH,2x,1,6.69,4.06,2.56,1.91,2.2,1.24,2.4
296,Cg2-2-1,Cg2,NH,2x,2,6.59,4.11,2.45,1.6,2.04,1.13,2.38
296,Cg2-2-1,Cg2,NH,2x,3,6.49,4,2.48,1.4,2.11,0.95,2.41
296,Cg2-2-1,Cg2,NH,2x,4,6.88,3.98,2.65,1.45,1.81,1.28,2.55
296,Cg2-2-1,Cg2,NH,2x,5,6.42,3.97,2.48,1.34,2.01,0.93,2.49
296,Cg2-2-1,Cg2,NH,2x,6,6.93,4.06,2.57,1.57,2.07,1.11,2.74
269,Cg2-2-2,Cg2,NH,2x,1,8.12,4.55,2.8,1.84,2.1,1.27,2.28
269,Cg2-2-2,Cg2,NH,2x,2,8.32,4.51,2.85,1.77,2.04,1.3,2.33
269,Cg2-2-2,Cg2,NH,2x,3,8.46,4.82,2.9,1.81,1.9,1.33,2.35
269,Cg2-2-2,Cg2,NH,2x,4,7.94,4.29,2.82,1.59,1.93,1.21,2.39
269,Cg2-2-2,Cg2,NH,2x,5,7.52,4.2,2.71,1.59,2.02,1.13,2.29
269,Cg2-2-2,Cg2,NH,2x,6,8.06,4.32,2.88,1.58,1.98,1.12,2.4
76,Cg2-2-3,Cg2,NH,2x,1,4.61,3.43,2.13,1.62,2.08,1.21,2.22
76,Cg2-2-3,Cg2,NH,2x,2,4.36,3.37,2.08,1.95,2.12,1.28,2.24
76,Cg2-2-3,Cg2,NH,2x,3,4.7,3.46,2.15,1.73,2.3,1.16,2.4
76,Cg2-2-3,Cg2,NH,2x,4,4.09,3.26,1.95,1.47,1.95,1.14,2.18
76,Cg2-2-3,Cg2,NH,2x,5,4.29,3.33,1.97,1.27,1.84,1.14,2.16
76,Cg2-2-3,Cg2,NH,2x,6,4.37,3.36,1.95,1.24,1.95,0.96,2.17
211,Cg2-2-4,Cg2,NH,2x,1,7.1,4.46,2.47,2.05,2.16,1.3,2.5
211,Cg2-2-4,Cg2,NH,2x,2,7.21,4.53,2.54,2.09,2.23,1.25,2.52
211,Cg2-2-4,Cg2,NH,2x,3,6.96,4.55,2.44,1.83,1.95,1.36,2.52
211,Cg2-2-4,Cg2,NH,2x,4,7.79,4.62,2.68,1.91,2.16,1.22,2.54
211,Cg2-2-4,Cg2,NH,2x,5,7.67,4.59,2.59,1.7,2.08,1.09,2.32
211,Cg2-2-4,Cg2,NH,2x,6,7.22,4.45,2.55,1.55,1.86,1.28,2.48
223,Cg2-2-5,Cg2,NH,2x,1,6.89,4.07,2.65,1.46,1.9,1.11,2.25
223,Cg2-2-5,Cg2,NH,2x,2,6.42,4.11,2.51,1.5,1.91,1.1,2.03
223,Cg2-2-5,Cg2,NH,2x,3,6.3,4.12,2.44,1.21,1.74,1.03,2.1
223,Cg2-2-5,Cg2,NH,2x,4,6.99,4.25,2.59,1.6,1.97,1.16,2.22
223,Cg2-2-5,Cg2,NH,2x,5,6.72,4.22,2.54,1.61,2.01,1.18,2.21
223,Cg2-2-5,Cg2,NH,2x,6,7.05,4.21,2.64,1.59,2.01,1.07,2.24
186,Cg2-2-6,Cg2,NH,2x,1,7.5,4.36,2.73,1.95,2.19,1.29,2.28
186,Cg2-2-6,Cg2,NH,2x,2,7.35,4.31,2.63,1.76,2.03,1.24,2.37
186,Cg2-2-6,Cg2,NH,2x,3,7.33,4.28,2.67,1.71,2.08,1.17,2.27
186,Cg2-2-6,Cg2,NH,2x,4,7.91,4.46,2.79,1.8,2.11,1.26,2.34
186,Cg2-2-6,Cg2,NH,2x,5,7.68,4.43,2.79,1.68,2.01,1.18,2.36
186,Cg2-2-6,Cg2,NH,2x,6,7.52,4.36,2.72,1.85,2.12,1.17,2.27
53,Cg2-4-4,Cg2,NH,2x,1,7.09,4.1,2.77,2.05,2.07,1.43,2.39
53,Cg2-4-4,Cg2,NH,2x,2,7.07,3.97,2.79,1.98,2.01,1.34,2.42
53,Cg2-4-4,Cg2,NH,2x,3,7.16,4.04,2.86,1.68,2.05,1.19,2.38
53,Cg2-4-4,Cg2,NH,2x,4,5.74,3.78,2.33,1.29,1.92,1.01,2.37
53,Cg2-4-4,Cg2,NH,2x,5,5.83,3.75,2.44,1.29,1.84,1.06,2.43
53,Cg2-4-4,Cg2,NH,2x,6,5.88,3.66,2.49,1.16,1.58,1.03,2.44
83,Cg2-7-1,Cg2,NH,2x,1,6.73,4.21,2.5,1.89,2.16,1.25,2.31
83,Cg2-7-1,Cg2,NH,2x,2,6.85,4.3,2.48,1.9,2.23,1.29,2.39
83,Cg2-7-1,Cg2,NH,2x,3,6.72,4.21,2.48,1.64,2.14,1.09,2.47
83,Cg2-7-1,Cg2,NH,2x,4,6.9,4.3,2.54,1.47,1.98,1.07,2.24
83,Cg2-7-1,Cg2,NH,2x,5,6.88,4.28,2.58,1.37,2.01,0.92,2.34
83,Cg2-7-1,Cg2,NH,2x,6,6.6,4.16,2.43,1.75,2.14,1.21,2.38
189,Cg2-7-2,Cg2,NH,2x,1,6.65,4.2,2.45,2.4,2.58,1.34,2.31
189,Cg2-7-2,Cg2,NH,2x,2,6.23,4.2,2.29,2.28,2.49,1.27,2.44
189,Cg2-7-2,Cg2,NH,2x,3,6.78,4.22,2.49,2,2.47,1.12,2.39
189,Cg2-7-2,Cg2,NH,2x,4,6.44,4.13,2.5,1.99,2.37,1.23,2.67
189,Cg2-7-2,Cg2,NH,2x,5,6.35,4.17,2.39,1.67,2.32,1.03,2.4
189,Cg2-7-2,Cg2,NH,2x,6,6.6,4.23,2.46,1.66,2.3,1.12,2.35
260,Cg2-7-3,Cg2,NH,2x,1,7.31,4.4,2.63,2.09,2.27,1.34,2.41
260,Cg2-7-3,Cg2,NH,2x,2,7.4,4.39,2.61,1.99,2.04,1.42,2.29
260,Cg2-7-3,Cg2,NH,2x,3,7.44,4.52,2.66,1.9,2.16,1.28,2.52
260,Cg2-7-3,Cg2,NH,2x,4,6.92,4.24,2.55,2.22,2.26,1.35,2.25
260,Cg2-7-3,Cg2,NH,2x,5,7.11,4.24,2.67,1.89,2.22,1.19,2.32
260,Cg2-7-3,Cg2,NH,2x,6,7.35,4.34,2.64,1.84,2.21,1.19,2.33
279,Cg2-7-4,Cg2,NH,2x,1,7.71,4.13,2.89,2.39,2.41,1.41,2.58
279,Cg2-7-4,Cg2,NH,2x,2,7.62,4.14,2.86,2.39,2.31,1.46,2.58
279,Cg2-7-4,Cg2,NH,2x,3,7.33,4.02,2.89,1.82,2.29,1.14,2.75
279,Cg2-7-4,Cg2,NH,2x,4,7.87,4.26,2.88,2.45,2.48,1.38,2.55
279,Cg2-7-4,Cg2,NH,2x,5,7.84,4.18,2.9,2.33,2.3,1.37,2.55
279,Cg2-7-4,Cg2,NH,2x,6,7.61,4.3,2.79,1.92,2.08,1.26,2.81
113,Cg2-7-5,Cg2,NH,2x,1,6.32,3.98,2.52,1.85,2.24,1.22,2.16
113,Cg2-7-5,Cg2,NH,2x,2,6.37,3.9,2.59,1.88,2.21,1.18,2.36
113,Cg2-7-5,Cg2,NH,2x,3,6.57,4.11,2.56,2.05,2.24,1.26,2.2
113,Cg2-7-5,Cg2,NH,2x,4,7.01,4.18,2.7,1.8,2.07,1.3,2.28
113,Cg2-7-5,Cg2,NH,2x,5,6.65,4.1,2.61,1.66,1.96,1.27,2.31
113,Cg2-7-5,Cg2,NH,2x,6,6.69,4.1,2.57,1.7,1.81,1.3,2.43
39,Cg2-7-6,Cg2,NH,2x,1,5.83,4.17,2.34,2.31,2.32,1.39,2.43
39,Cg2-7-6,Cg2,NH,2x,2,5.71,3.94,2.27,2.23,2.28,1.38,2.47
39,Cg2-7-6,Cg2,NH,2x,3,5.68,3.92,2.36,1.97,2.13,1.35,2.36
39,Cg2-7-6,Cg2,NH,2x,4,6.3,4.21,2.4,2.37,2.52,1.34,2.49
39,Cg2-7-6,Cg2,NH,2x,5,6.62,4.37,2.42,2.23,2.28,1.36,2.55
39,Cg2-7-6,Cg2,NH,2x,6,6.44,4.27,2.35,2.03,2.44,1.18,2.88
18,Cg2-9-1,Cg2,NH,2x,1,4.89,3.47,2.3,1.39,1.87,1.11,2.56
18,Cg2-9-1,Cg2,NH,2x,2,5.3,3.4,2.36,1.41,1.74,1.2,2.48
18,Cg2-9-1,Cg2,NH,2x,3,5.4,3.63,2.44,1.49,2.05,1.09,2.52
18,Cg2-9-1,Cg2,NH,2x,4,4.23,3.34,2.05,1.45,1.86,1.26,2.75
18,Cg2-9-1,Cg2,NH,2x,5,4.8,3.35,2.23,1.09,1.66,0.94,2.62
18,Cg2-9-1,Cg2,NH,2x,6,4.11,3.14,1.99,1.55,1.99,1.16,2.57
245,Cg2-9-2,Cg2,NH,2x,1,6.04,3.86,2.43,1.47,1.87,1.21,2.44
245,Cg2-9-2,Cg2,NH,2x,2,5.61,3.92,2.29,1.26,1.78,1.1,2.35
245,Cg2-9-2,Cg2,NH,2x,3,6.05,3.89,2.41,1.46,1.79,1.1,2.41
245,Cg2-9-2,Cg2,NH,2x,4,6.06,3.85,2.45,1.51,1.98,1.08,2.25
245,Cg2-9-2,Cg2,NH,2x,5,6.24,3.92,2.56,1.65,2.04,1.16,2.27
245,Cg2-9-2,Cg2,NH,2x,6,6.21,3.78,2.55,1.74,1.93,1.3,2.31
132,Cg2-9-3,Cg2,NH,2x,1,6.26,4.37,2.42,2.1,2.17,1.28,2.8
132,Cg2-9-3,Cg2,NH,2x,2,5.8,4,2.24,1.74,2.22,1.04,2.59
132,Cg2-9-3,Cg2,NH,2x,3,5.94,4.04,2.41,1.92,2.2,1.17,2.47
132,Cg2-9-3,Cg2,NH,2x,4,6.72,4.42,2.55,1.75,2.15,1.11,2.57
132,Cg2-9-3,Cg2,NH,2x,5,6.3,4.32,2.44,1.54,2.09,1.05,2.5
132,Cg2-9-3,Cg2,NH,2x,6,6.21,4.12,2.31,1.61,2.1,1.08,2.68
65,Cg2-9-4,Cg2,NH,2x,1,7.33,4.09,2.69,1.98,2.09,1.35,2.31
65,Cg2-9-4,Cg2,NH,2x,2,7.56,4.12,2.76,2.15,2.37,1.32,2.27
65,Cg2-9-4,Cg2,NH,2x,3,8.01,4.35,2.95,2.1,2.28,1.22,2.33
65,Cg2-9-4,Cg2,NH,2x,4,7.6,4.41,2.72,1.87,2.13,1.32,2.32
65,Cg2-9-4,Cg2,NH,2x,5,7.95,4.26,2.85,1.76,1.91,1.34,2.31
65,Cg2-9-4,Cg2,NH,2x,6,7.4,4.45,2.55,2.23,2.2,1.48,2.4
82,Cg2-9-5,Cg2,NH,2x,1,8.18,4.61,2.73,2.12,2.3,1.26,2.58
82,Cg2-9-5,Cg2,NH,2x,2,7.36,4.33,2.59,1.61,2.17,1.03,2.41
82,Cg2-9-5,Cg2,NH,2x,3,8,4.36,2.8,1.43,1.94,1.18,2.93
82,Cg2-9-5,Cg2,NH,2x,4,9.87,4.9,3.22,1.87,2.15,1.27,2.62
82,Cg2-9-5,Cg2,NH,2x,5,8.8,4.44,2.97,1.79,2.15,1.24,2.56
82,Cg2-9-5,Cg2,NH,2x,6,9.65,4.63,3.15,1.47,1.95,1.29,2.68
51,Cg2-9-6,Cg2,NH,2x,1,9.94,4.42,3.5,2,2.09,1.34,2.49
51,Cg2-9-6,Cg2,NH,2x,2,9.52,4.52,3.42,1.41,1.6,1.31,2.37
51,Cg2-9-6,Cg2,NH,2x,3,9.64,4.56,3.42,1.94,2.01,1.31,2.35
51,Cg2-9-6,Cg2,NH,2x,4,9.16,4.08,3.44,1.7,1.73,1.5,2.42
51,Cg2-9-6,Cg2,NH,2x,5,8.93,4.44,3.21,1.09,1.46,1.14,2.47
51,Cg2-9-6,Cg2,NH,2x,6,10.13,4.71,3.59,1.06,1.49,1.16,2.52
226,Cg4-1-1,Cg4,NH,4x,1,7.21,4.18,2.85,1.65,2.25,1.07,2.44
226,Cg4-1-1,Cg4,NH,4x,2,6.83,3.84,2.85,1.62,2.03,1.22,2.4
226,Cg4-1-1,Cg4,NH,4x,3,6.83,3.93,2.82,1.58,2.02,1.14,2.47
226,Cg4-1-1,Cg4,NH,4x,4,7.21,3.85,2.91,1.69,2.32,1.04,2.55
226,Cg4-1-1,Cg4,NH,4x,5,7.27,4.1,2.95,1.45,2.22,1.09,2.45
226,Cg4-1-1,Cg4,NH,4x,6,6.77,3.8,2.81,1.88,2.45,1.12,2.61
270,Cg4-1-2,Cg4,NH,4x,1,10.74,4.6,3.58,2.08,2.62,1.1,2.97
270,Cg4-1-2,Cg4,NH,4x,2,10.81,4.67,3.48,2.38,2.54,1.32,2.81
270,Cg4-1-2,Cg4,NH,4x,3,10.75,4.82,3.56,2.06,2.57,1.22,2.8
270,Cg4-1-2,Cg4,NH,4x,4,10.72,4.78,3.58,2.32,2.65,1.26,2.99
270,Cg4-1-2,Cg4,NH,4x,5,11.53,4.96,3.72,2.24,2.65,1.25,2.94
270,Cg4-1-2,Cg4,NH,4x,6,10.75,4.9,3.56,2.35,2.61,1.28,2.6
280,Cg4-12-1,Cg4,NH,4x,1,9.46,4.75,3.29,2.34,2.47,1.31,2.99
280,Cg4-12-1,Cg4,NH,4x,2,9.53,4.63,3.24,2.06,2.26,1.33,2.35
280,Cg4-12-1,Cg4,NH,4x,3,9.17,4.79,3.27,2.26,2.29,1.34,2.71
280,Cg4-12-1,Cg4,NH,4x,4,10.34,4.93,3.32,1.81,2.24,1.14,2.49
280,Cg4-12-1,Cg4,NH,4x,5,9.6,4.8,3.17,2.01,2.24,1.29,2.46
280,Cg4-12-1,Cg4,NH,4x,6,9.55,4.77,3.19,2.08,2.06,1.45,2.77
264,Cg4-12-2,Cg4,NH,4x,1,7.84,4.48,2.88,2.34,2.37,1.37,2.81
264,Cg4-12-2,Cg4,NH,4x,2,7.6,4.49,2.72,2.22,2.34,1.27,2.74
264,Cg4-12-2,Cg4,NH,4x,3,8.09,4.72,2.89,2.16,2.47,1.23,2.91
264,Cg4-12-2,Cg4,NH,4x,4,7.86,4.36,2.89,2.15,2.27,1.28,2.67
264,Cg4-12-2,Cg4,NH,4x,5,7.7,4.22,2.87,2.11,2.22,1.27,2.53
264,Cg4-12-2,Cg4,NH,4x,6,7.43,4.2,2.77,2.12,2.34,1.32,2.56
229,Cg4-12-3,Cg4,NH,4x,1,7.17,3.97,2.81,1.84,2.19,1.27,2.43
229,Cg4-12-3,Cg4,NH,4x,2,6.82,3.78,2.89,1.98,2.36,1.18,2.42
229,Cg4-12-3,Cg4,NH,4x,3,7.25,3.85,2.86,2,2.55,1.14,2.47
229,Cg4-12-3,Cg4,NH,4x,4,7.4,4.07,2.87,1.91,2.17,1.28,2.57
229,Cg4-12-3,Cg4,NH,4x,5,7.29,4.12,2.86,1.84,2.24,1.17,2.48
229,Cg4-12-3,Cg4,NH,4x,6,7.04,3.92,2.73,2.26,2.14,1.44,2.47
166,Cg4-12-4,Cg4,NH,4x,1,11.03,5.01,3.45,3,2.63,1.6,2.57
166,Cg4-12-4,Cg4,NH,4x,2,10.37,4.74,3.35,2.46,2.56,1.28,2.62
166,Cg4-12-4,Cg4,NH,4x,3,10.07,4.76,3.24,2.58,2.5,1.38,2.58
166,Cg4-12-4,Cg4,NH,4x,4,8.86,4.69,2.95,2.61,2.33,1.53,2.4
166,Cg4-12-4,Cg4,NH,4x,5,8.58,4.46,2.96,1.88,2.24,1.29,2.41
166,Cg4-12-4,Cg4,NH,4x,6,8.87,4.67,3.08,2.03,2.07,1.44,2.55
208,Cg4-12-4,Cg4,NH,4x,1,9.85,4.41,3.35,1.64,2.38,0.97,2.75
208,Cg4-12-4,Cg4,NH,4x,2,10.74,4.9,3.4,1.75,2.47,1.09,2.84
208,Cg4-12-4,Cg4,NH,4x,3,10.65,4.55,3.44,1.84,2.32,1.07,2.66
208,Cg4-12-4,Cg4,NH,4x,4,11.66,4.77,3.71,2.56,2.64,1.36,2.53
208,Cg4-12-4,Cg4,NH,4x,5,11.71,4.99,3.58,2.26,2.59,1.28,2.72
208,Cg4-12-4,Cg4,NH,4x,6,11.35,4.62,3.54,2.2,2.44,1.26,2.7
288,Cg4-12-5,Cg4,NH,4x,1,9.75,4.75,3.2,2.52,2.39,1.39,2.67
288,Cg4-12-5,Cg4,NH,4x,2,9.68,4.98,3.2,2.41,2.52,1.32,2.61
288,Cg4-12-5,Cg4,NH,4x,3,9.51,4.84,3.26,2.27,2.18,1.41,2.66
288,Cg4-12-5,Cg4,NH,4x,4,9.89,5.09,3.2,2.16,2.25,1.35,2.9
288,Cg4-12-5,Cg4,NH,4x,5,9.5,4.75,3.09,2.11,2.4,1.17,2.69
288,Cg4-12-5,Cg4,NH,4x,6,9.43,4.78,3.13,2.02,2.22,1.37,2.67
119,Cg4-12-6,Cg4,NH,4x,1,7.87,4.16,2.92,2.47,2.24,1.51,2.44
119,Cg4-12-6,Cg4,NH,4x,2,8.07,4.1,3.07,2.33,2.24,1.43,2.83
119,Cg4-12-6,Cg4,NH,4x,3,7.71,4.23,2.85,2.32,2.1,1.51,2.52
119,Cg4-12-6,Cg4,NH,4x,4,8.2,4.1,3.03,2.66,2.4,1.58,2.33
119,Cg4-12-6,Cg4,NH,4x,5,7.43,3.98,2.82,2,2.3,1.18,2.57
119,Cg4-12-6,Cg4,NH,4x,6,8.04,4.11,3,1.75,2.19,1.13,2.34
156,Cg4-1-3,Cg4,NH,4x,1,7.46,4.47,2.78,2.84,2.84,1.39,2.59
156,Cg4-1-3,Cg4,NH,4x,2,7.3,4.34,2.79,2.16,2.41,1.21,2.92
156,Cg4-1-3,Cg4,NH,4x,3,7.31,4.24,2.74,2.43,2.7,1.25,2.82
156,Cg4-1-3,Cg4,NH,4x,4,7.78,4.59,2.77,2.71,2.67,1.43,2.86
156,Cg4-1-3,Cg4,NH,4x,5,7.5,4.62,2.75,2.07,2.58,1.1,2.75
156,Cg4-1-3,Cg4,NH,4x,6,7.53,4.36,2.66,2.32,2.66,1.26,2.79
294,Cg4-1-4,Cg4,NH,4x,1,8.75,4.33,3.17,2.35,2.58,1.45,2.7
294,Cg4-1-4,Cg4,NH,4x,2,8.88,4.21,3.34,2.72,2.49,1.64,2.81
294,Cg4-1-4,Cg4,NH,4x,3,8.93,4.36,3.18,2.31,2.58,1.27,2.71
294,Cg4-1-4,Cg4,NH,4x,4,11.17,4.92,3.62,2.79,2.48,1.57,2.93
294,Cg4-1-4,Cg4,NH,4x,5,10.81,5.11,3.35,2.55,2.71,1.41,2.93
294,Cg4-1-4,Cg4,NH,4x,6,10.2,4.75,3.44,2.64,2.5,1.58,2.89
282,Cg4-1-5,Cg4,NH,4x,1,10.26,4.86,3.36,2.62,2.5,1.39,2.82
282,Cg4-1-5,Cg4,NH,4x,2,9.91,4.72,3.34,2.75,2.64,1.43,2.87
282,Cg4-1-5,Cg4,NH,4x,3,9.16,4.69,2.99,2.45,2.58,1.42,2.89
282,Cg4-1-5,Cg4,NH,4x,4,10.71,5.38,3.35,2.75,2.78,1.35,2.93
282,Cg4-1-5,Cg4,NH,4x,5,11.08,5.36,3.4,2.92,2.74,1.46,2.93
282,Cg4-1-5,Cg4,NH,4x,6,10.2,5.07,3.17,2.58,2.74,1.26,3.02
192,Cg4-1-6,Cg4,NH,4x,1,9.3,4.5,3.25,2.62,2.63,1.39,2.55
192,Cg4-1-6,Cg4,NH,4x,2,9.05,4.44,3.16,2.33,2.62,1.22,2.69
192,Cg4-1-6,Cg4,NH,4x,3,9.07,4.47,3.22,2.46,2.64,1.36,2.62
192,Cg4-1-6,Cg4,NH,4x,4,8.69,4.59,3.03,2.16,2.6,1.11,2.81
192,Cg4-1-6,Cg4,NH,4x,5,9.66,4.54,3.34,2.45,2.53,1.43,2.53
192,Cg4-1-6,Cg4,NH,4x,6,9.12,4.51,3.2,2.53,2.61,1.33,2.69
246,Cg4-6-1,Cg4,NH,4x,1,7.61,4.41,2.76,2.07,2.47,1.15,2.66
246,Cg4-6-1,Cg4,NH,4x,2,7.45,4.39,2.71,2.02,2.39,1.14,2.79
246,Cg4-6-1,Cg4,NH,4x,3,7.61,4.39,2.85,1.8,2.36,1.01,2.85
246,Cg4-6-1,Cg4,NH,4x,4,8.54,4.7,3.04,2.52,2.48,1.45,2.92
246,Cg4-6-1,Cg4,NH,4x,5,8.51,4.58,2.96,2.17,2.49,1.22,2.85
246,Cg4-6-1,Cg4,NH,4x,6,8.89,4.58,3.1,2.32,2.39,1.37,2.71
255,Cg4-6-2,Cg4,NH,4x,1,9.18,4.77,3.09,2.41,2.94,1.1,2.73
255,Cg4-6-2,Cg4,NH,4x,2,8.75,4.63,2.94,2.31,2.69,1.23,2.68
255,Cg4-6-2,Cg4,NH,4x,3,8.51,4.55,2.97,2.77,2.94,1.29,2.74
255,Cg4-6-2,Cg4,NH,4x,4,8.71,4.57,3.01,3.03,2.94,1.43,2.95
255,Cg4-6-2,Cg4,NH,4x,5,8.84,4.6,3.07,2.22,2.75,1.13,2.95
255,Cg4-6-2,Cg4,NH,4x,6,8.74,4.6,3.03,2.38,2.78,1.3,3.05
204,Cg4-6-3,Cg4,NH,4x,1,9.73,4.72,3.37,2.58,2.45,1.47,2.87
204,Cg4-6-3,Cg4,NH,4x,2,9.5,4.57,3.33,2.39,2.52,1.27,2.87
204,Cg4-6-3,Cg4,NH,4x,3,9.67,4.65,3.31,2.15,2.47,1.33,2.96
204,Cg4-6-3,Cg4,NH,4x,4,9.36,4.63,3.26,2.74,2.42,1.58,2.8
204,Cg4-6-3,Cg4,NH,4x,5,8.82,4.54,3.21,2.19,2.45,1.3,2.81
204,Cg4-6-3,Cg4,NH,4x,6,8.91,4.55,3.25,2.31,2.41,1.31,2.64
206,Cg4-6-4,Cg4,NH,4x,1,7.47,4.3,2.65,1.76,2,1.29,2.67
206,Cg4-6-4,Cg4,NH,4x,2,7.59,4.36,2.79,1.73,2.26,1.06,2.68
206,Cg4-6-4,Cg4,NH,4x,3,7.58,4.31,2.73,1.75,2.15,1.15,2.83
206,Cg4-6-4,Cg4,NH,4x,4,8.77,4.42,2.99,2.2,2.33,1.31,2.59
206,Cg4-6-4,Cg4,NH,4x,5,8.81,4.4,2.98,1.59,2.13,1.12,2.79
206,Cg4-6-4,Cg4,NH,4x,6,8.79,4.44,2.97,1.94,2.25,1.25,2.65
283,Cg4-6-5,Cg4,NH,4x,1,14.15,5.48,4.05,3.59,3.13,1.6,3.49
283,Cg4-6-5,Cg4,NH,4x,2,13.33,5.38,3.86,2.68,3.04,1.28,3.15
283,Cg4-6-5,Cg4,NH,4x,3,13.5,5.4,3.82,3.61,3.15,1.66,3.15
283,Cg4-6-5,Cg4,NH,4x,4,12.72,5.15,3.89,2.87,2.87,1.3,2.83
283,Cg4-6-5,Cg4,NH,4x,5,12.07,4.88,3.87,2.93,3.08,1.34,2.76
283,Cg4-6-5,Cg4,NH,4x,6,11.87,5.01,3.71,3.03,2.88,1.53,3
286,Cg4-7-1,Cg4,NH,4x,1,9.31,4.66,2.95,2.19,2.47,1.18,2.76
286,Cg4-7-1,Cg4,NH,4x,2,9.54,4.65,3.18,1.99,2.34,1.15,2.55
286,Cg4-7-1,Cg4,NH,4x,3,8.37,4.63,2.83,2.28,2.52,1.26,2.46
286,Cg4-7-1,Cg4,NH,4x,4,11.14,4.98,3.34,2.36,2.52,1.25,2.49
286,Cg4-7-1,Cg4,NH,4x,5,11.83,5.25,3.44,2.24,2.49,1.39,2.66
286,Cg4-7-1,Cg4,NH,4x,6,10.55,5.08,3.18,2.01,2.47,1.06,2.54
290,Cg4-7-3,Cg4,NH,4x,1,12.36,5.25,3.56,3.58,2.88,1.68,2.86
290,Cg4-7-3,Cg4,NH,4x,2,13.15,5.25,3.83,3.04,3.05,1.37,2.94
290,Cg4-7-3,Cg4,NH,4x,3,12.7,5.53,3.58,2.88,3.02,1.33,3.04
290,Cg4-7-3,Cg4,NH,4x,4,13.15,5.47,3.79,3.43,2.97,1.63,2.85
290,Cg4-7-3,Cg4,NH,4x,5,12.93,5.22,3.75,3.06,3.04,1.36,3.03
290,Cg4-7-3,Cg4,NH,4x,6,13.39,5.33,3.67,3.47,2.96,1.62,2.92
299,Cg4-7-5,Cg4,NH,4x,1,13.28,5.03,4.29,3.57,2.62,1.83,2.73
299,Cg4-7-5,Cg4,NH,4x,2,13.88,5.08,4.22,3.2,2.39,1.82,2.87
299,Cg4-7-5,Cg4,NH,4x,3,11.7,4.88,3.83,3,2.62,1.6,2.62
299,Cg4-7-5,Cg4,NH,4x,4,12.91,4.58,4.19,3.55,2.75,1.85,2.75
299,Cg4-7-5,Cg4,NH,4x,5,15.09,5.02,4.5,3.6,2.64,1.9,2.69
299,Cg4-7-5,Cg4,NH,4x,6,14.23,5.03,4.37,3.23,2.43,1.78,2.86
205,Cg4-8-1,Cg4,NH,4x,1,10.23,4.64,3.32,2.48,2.67,1.41,2.8
205,Cg4-8-1,Cg4,NH,4x,2,10.16,4.67,3.45,2.72,2.61,1.5,2.68
205,Cg4-8-1,Cg4,NH,4x,3,10.37,4.69,3.56,2.19,2.63,1.27,2.66
205,Cg4-8-1,Cg4,NH,4x,4,10.54,4.9,3.39,2.95,2.75,1.47,2.74
205,Cg4-8-1,Cg4,NH,4x,5,9.99,4.59,3.42,2.71,2.47,1.57,3.05
205,Cg4-8-1,Cg4,NH,4x,6,10.69,5.05,3.48,2.41,2.61,1.25,3.11
190,Cg4-8-2,Cg4,NH,4x,1,8.23,4.68,2.95,2.52,2.62,1.38,2.73
190,Cg4-8-2,Cg4,NH,4x,2,8.1,4.37,2.96,2.31,2.53,1.32,2.63
190,Cg4-8-2,Cg4,NH,4x,3,8.29,4.29,2.98,2.71,2.67,1.43,2.8
190,Cg4-8-2,Cg4,NH,4x,4,7.94,4.41,2.89,2.38,2.54,1.28,2.61
190,Cg4-8-2,Cg4,NH,4x,5,7.98,4.3,2.87,2.01,2.42,1.12,2.76
190,Cg4-8-2,Cg4,NH,4x,6,8.1,4.43,2.84,2.06,2.73,1.08,2.63
162,Cg4-8-3,Cg4,NH,4x,1,8.88,4.81,3.03,2.57,2.6,1.46,2.44
162,Cg4-8-3,Cg4,NH,4x,2,8.7,4.33,3.11,2.6,2.4,1.55,2.57
162,Cg4-8-3,Cg4,NH,4x,3,8.51,4.54,3.08,2.57,2.53,1.42,2.67
162,Cg4-8-3,Cg4,NH,4x,4,7.91,4.63,2.87,1.92,2.35,1.21,2.61
162,Cg4-8-3,Cg4,NH,4x,5,7.92,4.55,2.94,1.86,2.5,1.08,2.65
162,Cg4-8-3,Cg4,NH,4x,6,8.01,4.41,2.91,2.14,2.45,1.21,2.61
175,Cg4-8-4,Cg4,NH,4x,1,9.48,4.46,3.28,2.27,2.42,1.35,2.56
175,Cg4-8-4,Cg4,NH,4x,2,8.8,4.38,3.14,2.16,2.43,1.16,2.72
175,Cg4-8-4,Cg4,NH,4x,3,8.36,4.22,3.06,1.92,2.41,1.11,2.81
175,Cg4-8-4,Cg4,NH,4x,4,9.78,5.05,3.14,2.71,2.46,1.55,2.85
175,Cg4-8-4,Cg4,NH,4x,5,9.55,4.76,3.2,2.58,2.54,1.37,3.26
175,Cg4-8-4,Cg4,NH,4x,6,9.75,4.97,3.28,2.12,2.21,1.5,2.98
128,Cg4-8-5,Cg4,NH,4x,1,8.87,4.43,3.21,2.99,2.53,1.6,2.78
128,Cg4-8-5,Cg4,NH,4x,2,8.42,4.22,3.16,2.27,2.51,1.22,2.63
128,Cg4-8-5,Cg4,NH,4x,3,8.57,4.29,3.16,2.03,2.46,1.23,2.74
128,Cg4-8-5,Cg4,NH,4x,4,8.85,4.37,3.17,2.42,2.45,1.34,2.73
128,Cg4-8-5,Cg4,NH,4x,5,9.27,4.43,3.28,2.43,2.32,1.49,2.79
128,Cg4-8-5,Cg4,NH,4x,6,8.35,4.34,3.04,2.02,2.27,1.4,2.71
171,Cg4-8-6,Cg4,NH,4x,1,8.25,4.18,3.02,2.38,2.32,1.4,2.81
171,Cg4-8-6,Cg4,NH,4x,2,8.24,4.26,2.98,2.53,2.47,1.4,2.66
171,Cg4-8-6,Cg4,NH,4x,3,8.39,4.18,3.12,2.37,2.56,1.3,2.67
171,Cg4-8-6,Cg4,NH,4x,4,7.87,4.1,2.88,2.45,2.43,1.42,2.72
171,Cg4-8-6,Cg4,NH,4x,5,8.05,4.39,2.93,1.88,2.23,1.22,2.53
171,Cg4-8-6,Cg4,NH,4x,6,8.31,4.45,3.05,2.3,2.41,1.31,2.53
291,Cg4-9-1,Cg4,NH,4x,1,9.66,5.04,3.09,2.39,2.42,1.35,2.95
291,Cg4-9-1,Cg4,NH,4x,2,8.91,4.64,2.94,2.14,2.26,1.33,3.09
291,Cg4-9-1,Cg4,NH,4x,3,8.32,4.58,2.91,2.18,2.44,1.37,3.18
291,Cg4-9-1,Cg4,NH,4x,4,9.4,4.74,3.15,2.32,2.46,1.39,2.74
291,Cg4-9-1,Cg4,NH,4x,5,9.73,4.79,3.14,2.84,2.61,1.59,2.99
291,Cg4-9-1,Cg4,NH,4x,6,12.36,5.01,3.87,1.88,2.3,1.16,3.02
243,Cg4-9-2,Cg4,NH,4x,1,9.45,4.62,3.12,2.34,2.4,1.4,2.46
243,Cg4-9-2,Cg4,NH,4x,2,9.08,4.5,3.01,2.35,2.35,1.42,2.6
243,Cg4-9-2,Cg4,NH,4x,3,9.52,4.61,3.05,2.36,2.42,1.47,2.64
243,Cg4-9-2,Cg4,NH,4x,4,9.74,4.73,3.02,2.33,2.17,1.57,2.42
243,Cg4-9-2,Cg4,NH,4x,5,10.23,4.78,3.21,2.53,2.37,1.46,2.6
243,Cg4-9-2,Cg4,NH,4x,6,10.03,4.88,3.17,1.9,2.42,1.06,2.56
187,Cg4-9-3,Cg4,NH,4x,1,9.6,4.69,3.18,2.76,2.49,1.51,2.86
187,Cg4-9-3,Cg4,NH,4x,2,9.5,4.44,3.16,2.97,2.52,1.66,2.69
187,Cg4-9-3,Cg4,NH,4x,3,9.15,4.31,3.1,2.82,2.57,1.53,2.62
187,Cg4-9-3,Cg4,NH,4x,4,8.8,4.39,3.08,2.8,2.55,1.51,2.42
187,Cg4-9-3,Cg4,NH,4x,5,8.64,4.41,3.01,2.17,2.48,1.4,2.56
187,Cg4-9-3,Cg4,NH,4x,6,8.75,4.39,3.03,2.42,2.46,1.53,2.58
197,Cg4-9-4,Cg4,NH,4x,1,9.32,4.46,3.14,2.28,2.56,1.25,2.63
197,Cg4-9-4,Cg4,NH,4x,2,9.21,4.59,3.14,2.5,2.55,1.41,2.56
197,Cg4-9-4,Cg4,NH,4x,3,9.11,4.4,3.13,2.24,2.54,1.29,2.9
197,Cg4-9-4,Cg4,NH,4x,4,8.84,4.45,3.06,2.86,2.56,1.6,2.39
197,Cg4-9-4,Cg4,NH,4x,5,8.65,4.4,3.01,2.65,2.52,1.53,2.54
197,Cg4-9-4,Cg4,NH,4x,6,8.14,4.33,2.84,2.44,2.48,1.39,2.38
285,Cg4-9-5,Cg4,NH,4x,1,11.5,4.84,3.68,2.73,2.65,1.43,2.54
285,Cg4-9-5,Cg4,NH,4x,2,11.3,4.99,3.58,2.63,2.63,1.38,2.56
285,Cg4-9-5,Cg4,NH,4x,3,11.53,4.9,3.61,2.62,2.56,1.44,2.77
285,Cg4-9-5,Cg4,NH,4x,4,11.19,4.87,3.48,2.61,2.57,1.42,2.52
285,Cg4-9-5,Cg4,NH,4x,5,10.5,4.82,3.35,2.69,2.52,1.41,2.71
285,Cg4-9-5,Cg4,NH,4x,6,11.12,4.96,3.62,2.73,2.57,1.5,2.59
181,Cg4-9-6,Cg4,NH,4x,1,8.85,4.35,3.06,1.54,2.29,0.97,2.23
181,Cg4-9-6,Cg4,NH,4x,2,8.65,4.33,3.17,1.9,2.24,1.3,2.37
181,Cg4-9-6,Cg4,NH,4x,3,8.93,4.52,3.05,2.7,2.49,1.56,2.47
181,Cg4-9-6,Cg4,NH,4x,4,9.1,4.49,3.06,2.16,2.16,1.41,2.57
181,Cg4-9-6,Cg4,NH,4x,5,8.68,4.5,2.95,1.89,2.44,1.09,2.52
181,Cg4-9-6,Cg4,NH,4x,6,8.83,4.36,3.15,2.25,2.45,1.28,2.43
85,Co2-11-1,Co2,NH,2x,1,1.2,2.05,0.99,0.65,1.61,0.55,1.95
85,Co2-11-1,Co2,NH,2x,2,1.13,2.11,0.85,0.57,1.41,0.6,1.95
85,Co2-11-1,Co2,NH,2x,3,0.96,2.48,0.69,0.67,1.38,0.66,1.8
85,Co2-11-1,Co2,NH,2x,4,1.09,2.18,0.83,0.62,1.46,0.62,1.76
85,Co2-11-1,Co2,NH,2x,5,1.01,2.02,0.79,0.48,1.25,0.56,1.81
85,Co2-11-1,Co2,NH,2x,6,0.81,1.99,0.66,0.56,1.23,0.75,1.84
80,Co2-11-2,Co2,NH,2x,1,1.46,2.27,1.08,0.85,1.76,0.65,1.92
80,Co2-11-2,Co2,NH,2x,2,1.21,2.27,0.91,0.61,1.51,0.53,1.83
80,Co2-11-2,Co2,NH,2x,3,1.35,2.38,0.95,0.73,1.52,0.69,1.97
80,Co2-11-2,Co2,NH,2x,4,1.2,2.14,0.88,0.8,1.54,0.74,1.97
80,Co2-11-2,Co2,NH,2x,5,1.22,2.26,0.99,0.75,1.67,0.6,1.94
80,Co2-11-2,Co2,NH,2x,6,1.1,2.09,0.77,0.71,1.52,0.65,2.07
120,Co2-11-3,Co2,NH,2x,1,1.3,2.23,0.94,0.72,1.52,0.6,1.73
120,Co2-11-3,Co2,NH,2x,2,1.12,1.96,0.95,0.55,1.49,0.51,1.83
120,Co2-11-3,Co2,NH,2x,3,1.27,2.16,0.97,0.68,1.55,0.56,1.8
120,Co2-11-3,Co2,NH,2x,4,1.36,2.21,1.06,0.84,1.65,0.68,1.81
120,Co2-11-3,Co2,NH,2x,5,1.31,2.21,0.98,0.63,1.43,0.59,1.75
120,Co2-11-3,Co2,NH,2x,6,1.32,2.23,1,0.6,1.43,0.58,1.79
70,Co2-11-4,Co2,NH,2x,1,1.38,2.32,1,0.71,1.53,0.65,1.9
70,Co2-11-4,Co2,NH,2x,2,1.14,2.06,0.88,0.67,1.58,0.6,2.11
70,Co2-11-4,Co2,NH,2x,3,1.34,2.19,1.04,0.72,1.52,0.69,2.08
70,Co2-11-4,Co2,NH,2x,4,1.33,2.3,0.97,0.65,1.46,0.61,1.8
70,Co2-11-4,Co2,NH,2x,5,1.36,2.29,0.98,0.59,1.32,0.62,1.94
70,Co2-11-4,Co2,NH,2x,6,1.55,2.54,1.09,0.6,1.4,0.58,2.03
37,Co2-11-5,Co2,NH,2x,1,1.02,1.97,0.9,0.8,1.48,0.72,1.95
37,Co2-11-5,Co2,NH,2x,2,0.92,1.64,0.96,0.76,1.55,0.64,1.8
37,Co2-11-5,Co2,NH,2x,3,1.28,2.18,1.04,0.71,1.34,0.77,1.91
37,Co2-11-5,Co2,NH,2x,4,1.03,1.84,0.91,0.68,1.25,0.78,1.81
37,Co2-11-5,Co2,NH,2x,5,1.07,1.91,0.86,0.51,1.21,0.73,1.86
37,Co2-11-5,Co2,NH,2x,6,1,1.89,0.86,0.51,1.18,0.67,1.9
89,Co2-11-6,Co2,NH,2x,1,1.42,2.32,1.04,0.84,1.69,0.78,2.18
89,Co2-11-6,Co2,NH,2x,2,1.33,2.23,1.02,0.84,1.66,0.67,2.17
89,Co2-11-6,Co2,NH,2x,3,1.45,2.34,1.02,0.79,1.52,0.85,2.31
89,Co2-11-6,Co2,NH,2x,4,1.23,2.04,0.94,0.84,1.58,0.75,1.81
89,Co2-11-6,Co2,NH,2x,5,1.24,2.12,0.96,0.66,1.37,0.7,1.84
89,Co2-11-6,Co2,NH,2x,6,1.25,2.05,0.97,0.71,1.59,0.72,1.97
81,Co2-2-1,Co2,NH,2x,1,1.13,2.02,0.97,0.69,1.42,0.66,1.81
81,Co2-2-1,Co2,NH,2x,2,0.86,1.68,0.83,0.65,1.36,0.7,1.74
81,Co2-2-1,Co2,NH,2x,3,0.82,1.79,0.74,0.66,1.42,0.65,1.87
81,Co2-2-1,Co2,NH,2x,4,1.14,1.97,0.96,0.72,1.42,0.7,1.78
81,Co2-2-1,Co2,NH,2x,5,1.06,1.94,0.91,0.53,1.26,0.66,1.82
81,Co2-2-1,Co2,NH,2x,6,1,2,0.81,0.49,1.15,0.64,1.71
7,Co2-2-2,Co2,NH,2x,1,1.14,2,0.91,0.86,1.55,0.84,1.99
7,Co2-2-2,Co2,NH,2x,2,1.27,2.09,1.01,0.79,1.46,0.75,2
7,Co2-2-2,Co2,NH,2x,3,1.25,2.04,0.98,0.63,1.43,0.61,1.95
7,Co2-2-2,Co2,NH,2x,4,1.27,2.24,0.98,0.5,1.31,0.54,1.92
7,Co2-2-2,Co2,NH,2x,5,1.41,2.28,1.04,0.56,1.31,0.63,1.75
7,Co2-2-2,Co2,NH,2x,6,1.26,2.04,1,0.69,1.38,0.82,1.71
44,Co2-2-3,Co2,NH,2x,1,1.01,1.96,0.84,0.73,1.53,0.68,1.64
44,Co2-2-3,Co2,NH,2x,2,0.93,1.83,0.8,0.62,1.41,0.63,1.93
44,Co2-2-3,Co2,NH,2x,3,1.05,1.95,0.87,0.67,1.54,0.62,1.96
44,Co2-2-3,Co2,NH,2x,4,1,1.89,0.87,0.63,1.4,0.65,1.57
44,Co2-2-3,Co2,NH,2x,5,1.01,1.95,0.81,0.58,1.45,0.54,1.81
44,Co2-2-3,Co2,NH,2x,6,0.74,1.69,0.78,0.49,1.29,0.51,1.7
17,Co2-2-4,Co2,NH,2x,1,1.06,2.04,0.92,0.53,1.19,0.64,1.65
17,Co2-2-4,Co2,NH,2x,2,1,2.01,0.89,0.47,1.28,0.54,1.64
17,Co2-2-4,Co2,NH,2x,3,1.08,1.91,0.9,0.5,1.19,0.64,1.88
17,Co2-2-4,Co2,NH,2x,4,0.97,1.82,0.89,0.33,1,0.55,1.86
17,Co2-2-4,Co2,NH,2x,5,0.96,1.83,0.92,0.51,1.18,0.65,1.75
17,Co2-2-4,Co2,NH,2x,6,0.94,1.92,0.83,0.6,1.3,0.69,1.86
9,Co2-2-5,Co2,NH,2x,1,1.02,1.84,0.86,0.37,1.45,0.83,1.63
9,Co2-2-5,Co2,NH,2x,2,1.09,1.96,0.81,0.52,1.31,0.97,1.74
9,Co2-2-5,Co2,NH,2x,3,1.18,2.04,0.91,0.46,1.26,0.77,1.72
9,Co2-2-5,Co2,NH,2x,4,1.03,1.85,0.9,0.64,1.36,0.67,1.86
9,Co2-2-5,Co2,NH,2x,5,1.08,1.88,0.9,0.54,1.37,0.56,1.58
9,Co2-2-5,Co2,NH,2x,6,1.13,1.89,0.94,0.63,1.41,0.68,1.72
16,Co2-2-6,Co2,NH,2x,1,1.12,1.85,0.93,0.48,1.48,0.68,1.7
16,Co2-2-6,Co2,NH,2x,2,1.14,2.12,0.91,0.41,1.26,0.56,1.91
16,Co2-2-6,Co2,NH,2x,3,1.29,2.15,0.97,0.46,1.35,0.51,1.79
16,Co2-2-6,Co2,NH,2x,4,1.03,2.07,0.76,0.63,1.46,0.65,1.76
16,Co2-2-6,Co2,NH,2x,5,1.2,2.22,0.92,0.62,1.31,0.68,1.7
16,Co2-2-6,Co2,NH,2x,6,1.31,2.28,1.03,0.48,1.09,0.64,1.74
41,Co2-4-1,Co2,NH,2x,1,0.71,1.61,0.69,0.6,1.31,0.61,1.52
41,Co2-4-1,Co2,NH,2x,2,0.88,1.7,0.8,0.44,1.1,0.54,1.59
41,Co2-4-1,Co2,NH,2x,3,0.66,1.62,0.63,0.47,1.16,0.57,1.46
41,Co2-4-1,Co2,NH,2x,4,0.84,1.5,0.81,0.48,1.23,0.6,1.61
41,Co2-4-1,Co2,NH,2x,5,0.82,1.66,0.85,0.4,1.26,0.47,1.39
41,Co2-4-1,Co2,NH,2x,6,1.05,1.77,0.94,0.49,1.4,0.52,1.71
25,Co2-4-2,Co2,NH,2x,1,1.02,1.81,0.95,0.64,1.43,0.63,1.57
25,Co2-4-2,Co2,NH,2x,2,0.97,1.85,0.85,0.44,1.11,0.63,1.62
25,Co2-4-2,Co2,NH,2x,3,1.02,1.93,0.9,0.58,1.35,0.61,1.76
25,Co2-4-2,Co2,NH,2x,4,0.98,1.88,0.81,0.45,1.1,0.71,1.62
25,Co2-4-2,Co2,NH,2x,5,1.04,1.99,0.84,0.38,1.27,0.48,1.58
25,Co2-4-2,Co2,NH,2x,6,0.98,1.96,0.86,0.3,0.78,0.56,1.69
2,Co2-4-3,Co2,NH,2x,1,1.12,2.01,0.94,0.58,1.43,0.65,1.87
2,Co2-4-3,Co2,NH,2x,2,0.95,1.9,0.75,0.51,1.43,0.51,1.73
2,Co2-4-3,Co2,NH,2x,3,0.94,1.98,0.77,0.57,1.28,0.64,1.7
2,Co2-4-3,Co2,NH,2x,4,0.98,1.81,0.82,0.61,1.26,0.69,1.65
2,Co2-4-3,Co2,NH,2x,5,0.97,1.91,0.82,0.55,1.21,0.68,2.07
2,Co2-4-3,Co2,NH,2x,6,1.15,2.14,0.87,0.49,1.2,0.7,1.6
22,Co2-4-4,Co2,NH,2x,1,0.94,1.67,0.83,0.61,1.44,0.58,1.71
22,Co2-4-4,Co2,NH,2x,2,0.94,1.8,0.81,0.61,1.34,0.65,1.72
22,Co2-4-4,Co2,NH,2x,3,0.86,1.68,0.77,0.56,1.22,0.67,1.69
22,Co2-4-4,Co2,NH,2x,4,1.04,1.88,0.87,0.49,1.3,0.58,1.55
22,Co2-4-4,Co2,NH,2x,5,0.86,1.66,0.8,0.35,0.89,0.63,1.64
22,Co2-4-4,Co2,NH,2x,6,0.93,1.74,0.79,0.33,0.93,0.54,1.39
33,Co2-4-5,Co2,NH,2x,1,0.99,1.89,0.88,0.55,1.41,0.57,1.66
33,Co2-4-5,Co2,NH,2x,2,0.83,1.78,0.75,0.58,1.26,0.65,1.7
33,Co2-4-5,Co2,NH,2x,3,0.98,1.88,0.85,0.67,1.41,0.7,1.71
33,Co2-4-5,Co2,NH,2x,4,0.9,1.74,0.86,0.62,1.33,0.65,1.65
33,Co2-4-5,Co2,NH,2x,5,0.76,1.64,0.79,0.53,1.38,0.55,1.67
33,Co2-4-5,Co2,NH,2x,6,0.83,1.6,0.83,0.58,1.39,0.65,1.7
11,Co2-4-6,Co2,NH,2x,1,1.32,2.08,0.99,0.67,1.54,0.74,1.79
11,Co2-4-6,Co2,NH,2x,2,1.28,2.24,0.96,0.51,1.49,0.66,1.67
11,Co2-4-6,Co2,NH,2x,3,1.26,2.23,0.94,0.52,1.33,0.93,2.04
11,Co2-4-6,Co2,NH,2x,4,1.23,2.08,0.93,0.66,1.46,1,1.73
11,Co2-4-6,Co2,NH,2x,5,1,1.92,0.87,0.46,1.23,0.54,1.86
11,Co2-4-6,Co2,NH,2x,6,1.25,2.03,0.92,0.49,1.16,0.75,1.9
8,Co2-6-1,Co2,NH,2x,1,1.11,1.9,0.85,0.68,1.51,0.71,1.74
8,Co2-6-1,Co2,NH,2x,2,1.14,2.13,0.89,0.55,1.43,0.99,1.91
8,Co2-6-1,Co2,NH,2x,3,1.02,1.84,0.84,0.74,1.79,1,1.8
8,Co2-6-1,Co2,NH,2x,5,1.09,2.03,0.86,0.5,1.49,0.86,1.74
8,Co2-6-1,Co2,NH,2x,6,1.05,1.78,0.87,0.6,1.19,0.78,1.64
8,Co2-6-1,Co2,NH,2x,7,0.74,1.58,0.83,0.64,1.46,1.16,1.85
24,Co2-6-2,Co2,NH,2x,1,0.9,1.77,0.87,0.5,1.21,0.57,1.52
24,Co2-6-2,Co2,NH,2x,2,0.93,1.84,0.91,0.53,1.16,0.74,1.61
24,Co2-6-2,Co2,NH,2x,3,0.99,1.79,0.92,0.42,0.92,0.74,1.72
24,Co2-6-2,Co2,NH,2x,4,1.08,1.84,0.94,0.58,1.17,0.74,1.61
24,Co2-6-2,Co2,NH,2x,5,0.9,1.79,0.85,0.42,1.04,0.63,1.67
24,Co2-6-2,Co2,NH,2x,6,1.04,1.99,0.89,0.4,1.03,0.61,1.7
38,Co2-6-3,Co2,NH,2x,1,1,1.96,0.86,0.74,1.39,0.7,2.09
38,Co2-6-3,Co2,NH,2x,2,0.94,1.88,0.84,0.71,1.39,0.68,1.8
38,Co2-6-3,Co2,NH,2x,3,0.66,1.42,0.75,0.72,1.4,0.72,1.82
38,Co2-6-3,Co2,NH,2x,4,1.18,1.94,0.96,0.67,1.34,0.62,1.73
38,Co2-6-3,Co2,NH,2x,5,1.03,1.96,0.87,0.57,1.28,0.62,1.56
38,Co2-6-3,Co2,NH,2x,6,1,1.87,0.86,0.52,1.17,0.6,1.76
34,Co2-6-4,Co2,NH,2x,1,1.02,1.85,0.9,0.59,1.25,0.63,1.85
34,Co2-6-4,Co2,NH,2x,2,0.97,1.83,0.87,0.64,1.22,0.75,1.64
34,Co2-6-4,Co2,NH,2x,3,1.06,1.98,0.91,0.68,1.37,0.65,1.72
34,Co2-6-4,Co2,NH,2x,4,1.1,2.01,0.9,0.65,1.32,0.65,1.7
34,Co2-6-4,Co2,NH,2x,5,1.05,1.88,0.88,0.63,1.41,0.64,1.72
34,Co2-6-4,Co2,NH,2x,6,0.85,1.7,0.81,0.54,1.24,0.61,1.8
13,Co2-6-5,Co2,NH,2x,1,0.68,1.58,0.74,0.29,0.82,0.56,1.62
13,Co2-6-5,Co2,NH,2x,2,0.66,1.62,0.62,0.28,0.92,0.53,1.75
13,Co2-6-5,Co2,NH,2x,3,0.94,1.93,0.88,0.36,1.29,0.64,1.72
13,Co2-6-5,Co2,NH,2x,4,0.94,1.8,0.89,0.3,0.96,0.49,1.46
13,Co2-6-5,Co2,NH,2x,5,0.95,1.83,0.88,NA,NA,NA,1.63
13,Co2-6-5,Co2,NH,2x,6,0.73,1.84,0.67,NA,NA,NA,1.57
26,Co2-6-6,Co2,NH,2x,1,1.16,1.98,0.9,0.48,1.2,0.68,1.62
26,Co2-6-6,Co2,NH,2x,2,1.16,2.03,0.93,0.53,1.2,0.76,1.87
26,Co2-6-6,Co2,NH,2x,3,0.92,1.64,0.86,0.61,1.19,0.79,1.92
26,Co2-6-6,Co2,NH,2x,4,1.04,1.97,0.86,0.62,1.05,1.02,1.61
26,Co2-6-6,Co2,NH,2x,5,1.07,2.03,0.85,0.54,1.15,0.64,1.79
26,Co2-6-6,Co2,NH,2x,6,1.05,1.93,0.86,0.61,1.22,0.78,1.91
122,Co2-8-1,Co2,NH,2x,1,0.97,1.98,0.85,0.57,1.34,0.56,1.68
122,Co2-8-1,Co2,NH,2x,2,0.83,1.8,0.8,0.47,1.19,0.56,1.68
122,Co2-8-1,Co2,NH,2x,3,0.89,1.81,0.81,0.49,1.33,0.53,1.72
122,Co2-8-1,Co2,NH,2x,4,1.03,1.99,0.87,0.63,1.42,0.64,1.62
122,Co2-8-1,Co2,NH,2x,5,0.92,1.93,0.82,0.59,1.2,0.65,1.7
122,Co2-8-1,Co2,NH,2x,6,0.84,1.86,0.77,0.58,1.33,0.63,1.46
61,Co2-8-2,Co2,NH,2x,1,1.03,1.97,0.83,0.79,1.44,0.75,1.87
61,Co2-8-2,Co2,NH,2x,2,0.87,1.74,0.78,0.94,1.61,0.82,1.85
61,Co2-8-2,Co2,NH,2x,3,0.89,1.72,0.84,0.79,1.55,0.7,1.83
61,Co2-8-2,Co2,NH,2x,4,1.05,1.88,0.87,0.84,1.5,0.78,1.95
61,Co2-8-2,Co2,NH,2x,5,0.91,1.9,0.83,0.77,1.44,0.79,1.56
61,Co2-8-2,Co2,NH,2x,6,0.97,1.95,0.84,0.62,1.35,0.64,2.06
62,Co2-8-3,Co2,NH,2x,1,1.02,2.04,0.86,0.62,1.23,0.75,1.75
62,Co2-8-3,Co2,NH,2x,2,0.96,1.92,0.88,0.65,1.25,0.75,1.72
62,Co2-8-3,Co2,NH,2x,3,0.98,2.05,0.83,0.62,1.48,0.57,1.82
62,Co2-8-3,Co2,NH,2x,4,0.85,1.82,0.82,0.66,1.28,0.84,1.69
62,Co2-8-3,Co2,NH,2x,5,0.88,1.81,0.84,0.61,1.2,0.79,1.66
62,Co2-8-3,Co2,NH,2x,6,0.86,1.65,0.84,0.6,1.33,0.72,1.54
32,Co2-8-4,Co2,NH,2x,1,0.99,1.89,0.85,0.53,1.3,0.64,1.8
32,Co2-8-4,Co2,NH,2x,2,0.95,1.82,0.82,0.56,1.29,0.67,1.74
32,Co2-8-4,Co2,NH,2x,3,0.91,1.84,0.8,0.51,1.12,0.65,1.73
32,Co2-8-4,Co2,NH,2x,4,0.97,1.94,0.87,0.6,1.39,0.65,1.67
32,Co2-8-4,Co2,NH,2x,5,1.08,2.02,0.92,0.39,1.12,0.53,1.73
32,Co2-8-4,Co2,NH,2x,6,1.02,1.95,0.93,0.61,1.32,0.65,1.8
12,Co2-8-5,Co2,NH,2x,1,1.02,1.9,0.91,0.34,1.31,0.52,1.75
12,Co2-8-5,Co2,NH,2x,2,1.09,2.06,0.89,0.41,1.43,0.92,1.76
12,Co2-8-5,Co2,NH,2x,3,1.03,1.88,0.9,0.49,1.15,0.74,1.71
12,Co2-8-5,Co2,NH,2x,4,0.99,1.95,0.91,0.53,1.25,0.62,1.61
12,Co2-8-5,Co2,NH,2x,5,1.03,2.02,0.86,0.34,1.17,0.48,1.68
12,Co2-8-5,Co2,NH,2x,6,0.83,1.78,0.75,0.36,1.35,0.82,1.47
29,Co2-8-6,Co2,NH,2x,1,1.23,2.22,0.99,0.73,1.38,0.65,1.91
29,Co2-8-6,Co2,NH,2x,2,1.14,2.23,0.83,0.56,1.34,0.61,1.81
29,Co2-8-6,Co2,NH,2x,3,1.14,2.06,0.92,0.61,1.37,0.65,1.57
29,Co2-8-6,Co2,NH,2x,4,1.08,2.11,0.84,0.67,1.22,0.74,1.95
29,Co2-8-6,Co2,NH,2x,5,1.14,2.12,0.92,0.61,1.22,0.73,1.86
29,Co2-8-6,Co2,NH,2x,6,1.18,2.11,0.94,0.53,1.18,0.61,1.83
145,Co2-9-1,Co2,NH,2x,1,1.2,2.15,0.93,0.77,1.5,0.67,2.13
145,Co2-9-1,Co2,NH,2x,2,1.14,2.09,0.9,0.77,1.52,0.69,1.98
145,Co2-9-1,Co2,NH,2x,3,1.09,2.1,0.84,0.84,1.55,0.71,2.01
145,Co2-9-1,Co2,NH,2x,4,1.13,1.95,0.91,0.77,1.31,0.86,1.85
145,Co2-9-1,Co2,NH,2x,5,1.27,2.13,0.97,0.7,1.43,0.7,1.75
145,Co2-9-1,Co2,NH,2x,6,1.11,2.01,0.95,0.64,1.45,0.65,1.94
96,Co2-9-2,Co2,NH,2x,1,1.25,2.21,0.93,0.8,1.61,0.77,1.96
96,Co2-9-2,Co2,NH,2x,2,1.25,2.26,0.89,0.7,1.6,0.62,2.06
96,Co2-9-2,Co2,NH,2x,3,1.32,2.25,0.98,0.84,1.61,0.69,2.07
96,Co2-9-2,Co2,NH,2x,4,1.28,2.25,0.94,0.64,1.43,0.64,1.75
96,Co2-9-2,Co2,NH,2x,5,1.39,2.33,0.98,0.54,1.34,0.61,1.86
96,Co2-9-2,Co2,NH,2x,6,1.43,2.34,1.07,0.64,1.48,0.61,1.93
21,Co2-9-3,Co2,NH,2x,1,0.96,1.97,0.79,0.55,1.34,0.68,1.71
21,Co2-9-3,Co2,NH,2x,2,0.99,1.87,0.86,0.54,1.33,0.53,1.73
21,Co2-9-3,Co2,NH,2x,3,0.96,1.87,0.86,0.57,1.17,0.72,1.81
21,Co2-9-3,Co2,NH,2x,4,1.06,1.97,0.89,0.58,1.31,0.67,1.69
21,Co2-9-3,Co2,NH,2x,5,0.98,1.92,0.82,0.51,1.2,0.7,1.68
21,Co2-9-3,Co2,NH,2x,6,0.97,1.88,0.82,0.35,1.2,0.51,1.75
75,Co2-9-4,Co2,NH,2x,1,1.05,1.84,0.93,0.52,1.1,0.78,1.76
75,Co2-9-4,Co2,NH,2x,2,1.23,2.06,0.97,0.45,1.46,0.51,2.01
75,Co2-9-4,Co2,NH,2x,3,1.25,2.15,0.99,0.47,1.22,0.58,2.02
75,Co2-9-4,Co2,NH,2x,4,1.07,1.85,0.94,0.62,1.24,0.7,1.82
75,Co2-9-4,Co2,NH,2x,5,1.19,2.09,0.93,0.45,1.12,0.7,1.95
75,Co2-9-4,Co2,NH,2x,6,0.97,1.83,0.9,0.53,1.14,0.75,1.91
167,Co2-9-5,Co2,NH,2x,1,1.12,2.02,0.92,0.73,1.49,0.67,1.79
167,Co2-9-5,Co2,NH,2x,2,0.96,1.84,0.86,0.58,1.44,0.56,1.83
167,Co2-9-5,Co2,NH,2x,3,1.04,2.03,0.86,0.71,1.47,0.65,1.59
167,Co2-9-5,Co2,NH,2x,4,1.15,1.98,0.91,0.82,1.41,0.71,1.79
167,Co2-9-5,Co2,NH,2x,5,1.1,1.99,0.89,0.57,1.28,0.65,1.85
167,Co2-9-5,Co2,NH,2x,6,1.12,2.04,0.92,0.61,1.28,0.73,1.73
176,Co2-9-6,Co2,NH,2x,1,1.33,2.28,0.95,0.55,1.37,0.55,1.77
176,Co2-9-6,Co2,NH,2x,2,1.13,1.95,0.88,0.58,1.28,0.63,1.8
176,Co2-9-6,Co2,NH,2x,3,1.27,2.2,0.91,0.71,1.53,0.66,1.87
176,Co2-9-6,Co2,NH,2x,4,1.31,2.16,1.05,0.84,1.59,0.7,1.77
176,Co2-9-6,Co2,NH,2x,5,1.1,1.96,0.86,0.61,1.49,0.54,1.81
176,Co2-9-6,Co2,NH,2x,6,1.25,2.11,0.99,0.62,1.46,0.57,1.84
133,Co4-1-1,Co4,NH,4x,1,2.29,2.69,1.45,1.28,2.03,0.85,2.36
133,Co4-1-1,Co4,NH,4x,2,2.29,2.65,1.55,0.97,1.97,0.65,2.49
133,Co4-1-1,Co4,NH,4x,3,2.28,2.62,1.53,1.09,1.8,0.91,2.21
133,Co4-1-1,Co4,NH,4x,4,1.9,2.35,1.35,1.09,2.04,0.73,2.17
133,Co4-1-1,Co4,NH,4x,5,2.17,2.59,1.44,1.12,1.95,0.82,2.17
133,Co4-1-1,Co4,NH,4x,6,1.99,2.45,1.4,1.03,1.8,0.84,2.42
191,Co4-1-2,Co4,NH,4x,1,2.65,2.74,1.55,1.44,2.17,0.95,2.26
191,Co4-1-2,Co4,NH,4x,2,2.58,2.68,1.55,1.23,2.08,0.82,2.24
191,Co4-1-2,Co4,NH,4x,3,2.59,2.8,1.51,1.2,1.97,0.86,2.36
191,Co4-1-2,Co4,NH,4x,4,2.44,2.64,1.49,1.36,1.92,0.97,2.23
191,Co4-1-2,Co4,NH,4x,5,2.47,2.68,1.52,1.14,1.98,0.84,2.16
191,Co4-1-2,Co4,NH,4x,6,2.45,2.69,1.5,1.22,1.95,0.85,2.36
71,Co4-1-3,Co4,NH,4x,1,2.35,2.37,1.5,1.08,1.69,0.87,2.23
71,Co4-1-3,Co4,NH,4x,2,2.04,2.27,1.48,1.14,1.98,0.78,2.32
71,Co4-1-3,Co4,NH,4x,3,2.12,2.38,1.34,1.18,1.81,0.92,2.27
71,Co4-1-3,Co4,NH,4x,4,1.95,2.24,1.37,1.02,1.62,0.89,2.16
71,Co4-1-3,Co4,NH,4x,5,2.39,2.58,1.49,1.01,1.52,0.99,2.32
71,Co4-1-3,Co4,NH,4x,6,1.91,2.12,1.36,0.97,1.77,0.87,2.25
127,Co4-1-4,Co4,NH,4x,1,2.26,2.67,1.43,1.43,2.11,0.91,2.07
127,Co4-1-4,Co4,NH,4x,2,2.46,2.6,1.57,1.44,2.13,0.98,2.36
127,Co4-1-4,Co4,NH,4x,3,2.3,2.6,1.47,1.32,2.04,0.91,2.33
127,Co4-1-4,Co4,NH,4x,4,2.43,2.73,1.51,1.37,2.03,0.93,2.28
127,Co4-1-4,Co4,NH,4x,5,2.53,2.9,1.47,1.39,2.03,0.93,2.41
127,Co4-1-4,Co4,NH,4x,6,2.23,2.58,1.45,1.31,2.02,0.92,2.34
124,Co4-1-6,Co4,NH,4x,1,1.49,2.37,1.12,1.12,1.93,0.85,2.03
124,Co4-1-6,Co4,NH,4x,2,1.57,2.24,1.22,1.02,1.95,0.69,2.14
124,Co4-1-6,Co4,NH,4x,3,1.95,2.46,1.29,1.07,1.93,0.81,2.15
124,Co4-1-6,Co4,NH,4x,4,1.8,2.37,1.28,1.1,1.99,0.79,2.09
124,Co4-1-6,Co4,NH,4x,5,1.78,2.4,1.23,1.27,2.03,0.85,2.18
124,Co4-1-6,Co4,NH,4x,6,1.81,2.45,1.28,1.18,2.07,0.76,2.14
224,Co4-3-1,Co4,NH,4x,1,2.3,2.67,1.5,1.12,1.9,0.93,2.34
224,Co4-3-1,Co4,NH,4x,2,2.33,2.61,1.51,1.09,1.74,0.88,2.09
224,Co4-3-1,Co4,NH,4x,3,2.19,2.47,1.48,0.8,1.68,0.64,2.33
224,Co4-3-1,Co4,NH,4x,4,2.46,2.78,1.56,1.25,1.96,0.86,2.2
224,Co4-3-1,Co4,NH,4x,5,2.52,2.73,1.55,0.98,1.81,0.75,2.04
224,Co4-3-1,Co4,NH,4x,6,2.36,2.63,1.58,1.05,1.92,0.79,1.93
123,Co4-3-2,Co4,NH,4x,1,1.88,2.44,1.31,1.16,1.78,0.92,2.11
123,Co4-3-2,Co4,NH,4x,2,1.79,2.4,1.23,0.83,1.7,0.66,2.07
123,Co4-3-2,Co4,NH,4x,3,1.71,2.38,1.25,1.03,1.79,0.79,2.19
123,Co4-3-2,Co4,NH,4x,4,2.02,2.48,1.37,1.24,1.84,0.99,2.22
123,Co4-3-2,Co4,NH,4x,5,2.11,2.6,1.36,0.98,2.01,0.66,2.22
123,Co4-3-2,Co4,NH,4x,6,2.11,2.58,1.38,0.98,2.05,0.62,2.29
232,Co4-3-4,Co4,NH,4x,1,2.17,2.51,1.33,1.21,2,0.86,2.13
232,Co4-3-4,Co4,NH,4x,2,2.07,2.47,1.37,1.06,1.86,0.81,2.12
232,Co4-3-4,Co4,NH,4x,3,1.99,2.38,1.37,1.11,2.01,0.79,2.17
232,Co4-3-4,Co4,NH,4x,4,2.26,2.66,1.39,0.95,2.03,0.62,1.95
232,Co4-3-4,Co4,NH,4x,5,2.26,2.49,1.42,1.08,1.97,0.73,2.04
232,Co4-3-4,Co4,NH,4x,6,2.13,2.49,1.46,0.92,1.9,0.64,2.02
234,Co4-3-4,Co4,NH,4x,1,2.02,2.61,1.35,1.15,2.15,0.73,2.38
234,Co4-3-4,Co4,NH,4x,2,1.68,2.42,1.19,1.26,2.18,0.82,2.37
234,Co4-3-4,Co4,NH,4x,3,2.01,2.52,1.44,1.21,2.2,0.79,2.5
234,Co4-3-4,Co4,NH,4x,4,2.3,2.73,1.48,1.15,2.01,0.8,2.31
234,Co4-3-4,Co4,NH,4x,5,2.21,2.68,1.44,1.16,2.09,0.77,2.49
234,Co4-3-4,Co4,NH,4x,6,2.29,2.66,1.45,1.09,2.02,0.75,2.52
104,Co4-3-5,Co4,NH,4x,1,1.98,2.46,1.34,1.11,1.96,0.81,1.97
104,Co4-3-5,Co4,NH,4x,2,1.99,2.39,1.36,1.09,1.9,0.77,2.26
104,Co4-3-5,Co4,NH,4x,3,1.95,2.38,1.38,1.1,1.8,0.86,2.2
104,Co4-3-5,Co4,NH,4x,4,2.1,2.5,1.44,1.3,1.79,0.93,2.22
104,Co4-3-5,Co4,NH,4x,5,2.09,2.48,1.47,1.08,1.87,0.8,2.2
104,Co4-3-5,Co4,NH,4x,6,1.98,2.43,1.37,1.03,1.72,0.83,2.27
117,Co4-3-6,Co4,NH,4x,1,2.61,2.83,1.55,1.36,2.09,0.96,2.54
117,Co4-3-6,Co4,NH,4x,2,2.37,2.75,1.48,1.32,2.1,0.86,2.56
117,Co4-3-6,Co4,NH,4x,3,2.35,2.79,1.42,1.29,2.12,0.85,2.46
117,Co4-3-6,Co4,NH,4x,4,2.16,2.6,1.46,1.55,2.01,1.01,2.36
117,Co4-3-6,Co4,NH,4x,5,2.27,2.71,1.48,1.46,2,1.02,2.31
117,Co4-3-6,Co4,NH,4x,6,2.26,2.65,1.45,1.06,1.85,0.8,2.45
240,Co4-4-1,Co4,NH,4x,1,1.96,2.41,1.34,1.06,1.71,0.86,2.08
240,Co4-4-1,Co4,NH,4x,2,1.79,2.33,1.26,1.12,1.75,0.9,2.26
240,Co4-4-1,Co4,NH,4x,3,1.72,2.2,1.26,0.93,1.64,0.82,2.09
240,Co4-4-1,Co4,NH,4x,4,2.66,2.94,1.57,1.18,1.78,0.95,2.06
240,Co4-4-1,Co4,NH,4x,5,2.76,2.94,1.54,1.14,1.84,0.89,1.95
240,Co4-4-1,Co4,NH,4x,6,2.63,2.85,1.53,1.31,1.85,1.03,2.01
259,Co4-4-2,Co4,NH,4x,1,2.2,2.56,1.39,1.15,1.94,0.79,2.35
259,Co4-4-2,Co4,NH,4x,2,2.21,2.58,1.4,1.12,1.88,0.9,2.03
259,Co4-4-2,Co4,NH,4x,3,2.02,2.45,1.38,1.04,1.88,0.84,2.19
259,Co4-4-2,Co4,NH,4x,4,2.57,2.87,1.47,1.21,2.15,0.73,2.34
259,Co4-4-2,Co4,NH,4x,5,2.42,2.88,1.4,1.05,1.93,0.73,2.15
259,Co4-4-2,Co4,NH,4x,6,2.58,2.81,1.58,1.02,1.88,0.81,2.34
274,Co4-4-3,Co4,NH,4x,1,2.51,2.68,1.47,1.4,2.15,0.92,2.59
274,Co4-4-3,Co4,NH,4x,2,2.45,2.74,1.44,1.2,2.13,0.79,2.49
274,Co4-4-3,Co4,NH,4x,3,2.61,2.83,1.5,1.24,2.22,0.95,2.48
274,Co4-4-3,Co4,NH,4x,4,2.41,2.86,1.37,1.27,2.06,0.85,2.46
274,Co4-4-3,Co4,NH,4x,5,2.38,2.75,1.37,1.32,1.98,0.86,2.36
274,Co4-4-3,Co4,NH,4x,6,2.28,2.73,1.37,1.3,2.15,0.86,2.3
265,Co4-4-4,Co4,NH,4x,1,1.76,2.34,1.27,0.9,1.71,0.71,2.13
265,Co4-4-4,Co4,NH,4x,2,1.95,2.48,1.34,1.11,1.83,0.83,2.12
265,Co4-4-4,Co4,NH,4x,3,1.96,2.39,1.38,0.96,1.77,0.73,2.15
265,Co4-4-4,Co4,NH,4x,4,1.88,2.41,1.28,0.95,1.76,0.74,1.98
265,Co4-4-4,Co4,NH,4x,5,2.25,2.63,1.45,1.05,1.85,0.76,1.9
265,Co4-4-4,Co4,NH,4x,6,1.95,2.42,1.35,1.11,1.87,0.79,2
179,Co4-4-6,Co4,NH,4x,1,1.69,2.33,1.24,0.94,1.61,0.84,2.26
179,Co4-4-6,Co4,NH,4x,2,1.97,2.5,1.35,1.19,1.96,0.79,2.17
179,Co4-4-6,Co4,NH,4x,3,1.94,2.5,1.31,1.09,1.76,0.84,2.1
179,Co4-4-6,Co4,NH,4x,4,1.94,2.39,1.39,1.29,1.82,0.94,2.18
179,Co4-4-6,Co4,NH,4x,5,1.91,2.55,1.3,1.27,1.92,0.87,2.14
179,Co4-4-6,Co4,NH,4x,6,1.72,2.36,1.27,1.09,1.97,0.82,2.23
74,Co4-5-1,Co4,NH,4x,1,2.36,2.68,1.54,1.03,1.79,0.79,2.12
74,Co4-5-1,Co4,NH,4x,2,2.06,2.46,1.43,1.18,1.87,0.88,2.33
74,Co4-5-1,Co4,NH,4x,3,2.5,2.81,1.57,1.3,1.8,1.12,2.61
74,Co4-5-1,Co4,NH,4x,4,2.07,2.39,1.35,1.07,1.56,0.99,2.22
74,Co4-5-1,Co4,NH,4x,5,1.67,2.08,1.27,1.03,1.66,0.94,2.28
74,Co4-5-1,Co4,NH,4x,6,1.6,2.15,1.25,0.93,1.51,0.8,2.24
90,Co4-5-2,Co4,NH,4x,1,2.08,2.57,1.34,1.36,1.86,1.05,2.15
90,Co4-5-2,Co4,NH,4x,2,2.22,2.59,1.48,1.14,1.8,0.88,2.2
90,Co4-5-2,Co4,NH,4x,3,2.05,2.55,1.41,1.06,1.78,0.81,1.99
90,Co4-5-2,Co4,NH,4x,4,2.22,2.59,1.41,1.05,1.71,0.84,2.01
90,Co4-5-2,Co4,NH,4x,5,2.18,2.61,1.46,1.28,1.89,0.92,2.26
90,Co4-5-2,Co4,NH,4x,6,2.35,2.77,1.42,1.23,1.7,1,2.16
164,Co4-5-3,Co4,NH,4x,1,2.01,2.4,1.29,1.14,1.96,0.77,1.91
164,Co4-5-3,Co4,NH,4x,2,2.05,2.36,1.4,0.83,2.02,0.57,2.21
164,Co4-5-3,Co4,NH,4x,3,2.01,2.39,1.4,1.16,1.99,0.88,2.23
164,Co4-5-3,Co4,NH,4x,4,2.23,2.66,1.44,1.4,2.1,0.86,2.13
164,Co4-5-3,Co4,NH,4x,5,2.33,2.54,1.5,1.17,1.88,0.86,2.19
164,Co4-5-3,Co4,NH,4x,6,2.32,2.5,1.46,1.28,1.88,0.95,2.23
137,Co4-5-4,Co4,NH,4x,1,2.12,2.49,1.41,1.43,2.04,0.95,1.99
137,Co4-5-4,Co4,NH,4x,2,2.18,2.47,1.38,1.03,1.95,0.7,2.17
137,Co4-5-4,Co4,NH,4x,3,1.95,2.2,1.38,1.31,1.95,0.88,2.07
137,Co4-5-4,Co4,NH,4x,4,2.3,2.82,1.41,1.15,1.85,0.96,2.16
137,Co4-5-4,Co4,NH,4x,5,2.13,2.73,1.39,1.16,1.82,0.95,2.03
137,Co4-5-4,Co4,NH,4x,6,2.07,2.33,1.34,1.12,1.74,0.94,2.07
142,Co4-5-5,Co4,NH,4x,1,2.24,2.59,1.43,1.39,1.95,0.96,2.06
142,Co4-5-5,Co4,NH,4x,2,1.98,2.46,1.39,1.08,1.9,0.81,2.2
142,Co4-5-5,Co4,NH,4x,3,2.19,2.57,1.44,1.23,1.76,1.02,2.18
142,Co4-5-5,Co4,NH,4x,4,2.04,2.5,1.38,1.02,1.66,0.94,2.04
142,Co4-5-5,Co4,NH,4x,5,1.97,2.5,1.3,1,1.82,0.82,2.08
142,Co4-5-5,Co4,NH,4x,6,1.71,2.32,1.25,1.15,1.64,1,2.02
95,Co4-5-6,Co4,NH,4x,1,2.52,2.77,1.47,1.52,2.22,0.95,2.69
95,Co4-5-6,Co4,NH,4x,2,2.37,2.69,1.4,1.36,2.11,0.93,2.65
95,Co4-5-6,Co4,NH,4x,3,2.56,2.8,1.51,1.35,2.02,0.88,2.7
95,Co4-5-6,Co4,NH,4x,4,2.25,2.56,1.41,0.99,1.9,0.84,2.42
95,Co4-5-6,Co4,NH,4x,5,2.01,2.53,1.31,0.96,1.94,0.72,2.46
95,Co4-5-6,Co4,NH,4x,6,1.91,2.46,1.24,1.22,2.02,0.82,2.36
4,Co4-8-1,Co4,NH,4x,1,2.28,2.66,1.4,1.1,1.67,0.98,2.07
4,Co4-8-1,Co4,NH,4x,2,2.31,2.63,1.38,0.9,1.62,1.23,2.02
4,Co4-8-1,Co4,NH,4x,3,2.52,2.57,1.51,1,1.49,1.05,1.9
4,Co4-8-1,Co4,NH,4x,4,1.69,2.28,1.18,0.84,1.67,1.29,1.81
4,Co4-8-1,Co4,NH,4x,5,1.85,2.37,1.25,0.98,1.69,0.85,2.04
4,Co4-8-1,Co4,NH,4x,6,1.66,2.32,1.2,0.82,1.66,0.89,2.11
52,Co4-8-1,Co4,NH,4x,1,2.05,2.65,1.32,1.14,1.78,0.87,2.26
52,Co4-8-1,Co4,NH,4x,2,2.01,2.55,1.3,0.92,1.67,0.82,2.2
52,Co4-8-1,Co4,NH,4x,3,2.02,2.52,1.34,1.07,1.79,0.78,2.29
52,Co4-8-1,Co4,NH,4x,4,1.97,2.57,1.3,1.29,1.76,0.95,2.09
52,Co4-8-1,Co4,NH,4x,5,1.81,2.45,1.25,1,1.46,0.92,2.16
52,Co4-8-1,Co4,NH,4x,6,1.84,2.55,1.16,0.85,1.51,0.8,2.14
151,Co4-8-2,Co4,NH,4x,1,2.34,2.68,1.52,1.65,2.1,1.05,2.39
151,Co4-8-2,Co4,NH,4x,2,2.03,2.6,1.39,0.88,2.13,0.61,2.33
151,Co4-8-2,Co4,NH,4x,3,2.3,2.58,1.57,1.11,2.13,0.71,2.43
151,Co4-8-2,Co4,NH,4x,4,2,2.53,1.4,1.33,2.1,0.89,2.2
151,Co4-8-2,Co4,NH,4x,5,2.17,2.47,1.4,1.09,1.84,0.84,2.32
151,Co4-8-2,Co4,NH,4x,6,2.09,2.52,1.42,1.13,1.98,0.83,2.31
57,Co4-8-3,Co4,NH,4x,1,1.4,1.96,1.11,1.13,1.98,0.79,2.21
57,Co4-8-3,Co4,NH,4x,2,1.95,2.31,1.26,0.92,1.77,0.75,2.01
57,Co4-8-3,Co4,NH,4x,3,1.92,2.27,1.28,0.92,1.67,0.77,2.27
57,Co4-8-3,Co4,NH,4x,4,2.06,2.66,1.3,1.01,1.69,0.81,2.21
57,Co4-8-3,Co4,NH,4x,5,1.84,2.39,1.23,0.87,1.57,0.89,2.2
57,Co4-8-3,Co4,NH,4x,6,2.04,2.4,1.3,0.96,1.9,0.81,2.2
91,Co4-8-4,Co4,NH,4x,1,2.08,2.53,1.37,1.43,1.8,1.08,2.23
91,Co4-8-4,Co4,NH,4x,2,1.82,2.4,1.35,1.34,1.92,0.95,2.23
91,Co4-8-4,Co4,NH,4x,3,1.93,2.46,1.3,1.01,1.9,0.77,2.42
91,Co4-8-4,Co4,NH,4x,4,2.03,2.62,1.32,0.94,1.67,0.92,1.9
91,Co4-8-4,Co4,NH,4x,5,1.72,2.28,1.26,0.8,1.54,0.76,2.09
91,Co4-8-4,Co4,NH,4x,6,1.93,2.56,1.27,0.87,1.36,0.91,2.05
5,Co4-8-5,Co4,NH,4x,1,1.43,2.01,1.13,1,1.71,1.14,2.51
5,Co4-8-5,Co4,NH,4x,2,1.63,2.3,1.18,1.09,2.08,0.83,2.54
5,Co4-8-5,Co4,NH,4x,3,1.84,2.49,1.29,1.02,1.78,0.99,2.68
5,Co4-8-5,Co4,NH,4x,4,1.73,2.31,1.27,0.75,1.65,0.91,2.63
5,Co4-8-5,Co4,NH,4x,5,1.66,2.25,1.22,1,1.91,0.95,2.35
5,Co4-8-5,Co4,NH,4x,6,1.23,2.08,1.01,0.82,2.06,0.89,2.24
184,Co4-8-6,Co4,NH,4x,1,2.1,2.5,1.43,1.48,1.99,1.04,2.46
184,Co4-8-6,Co4,NH,4x,2,2.38,2.61,1.52,1.15,1.69,0.96,2.29
184,Co4-8-6,Co4,NH,4x,3,2.09,2.55,1.39,1.21,1.88,0.88,2.34
184,Co4-8-6,Co4,NH,4x,4,2.2,2.57,1.37,1.24,1.78,0.97,2.25
184,Co4-8-6,Co4,NH,4x,5,2.21,2.58,1.44,1.32,1.79,1.02,2.04
184,Co4-8-6,Co4,NH,4x,6,1.95,2.49,1.33,1.16,2.01,0.78,2.03
31,Co4-9-1,Co4,NH,4x,1,1.71,2.23,1.14,0.69,1.19,1.05,1.96
31,Co4-9-1,Co4,NH,4x,2,1.95,2.58,1.25,0.58,1,0.96,1.99
31,Co4-9-1,Co4,NH,4x,3,1.85,2.54,1.21,0.87,1.68,0.86,2.1
31,Co4-9-1,Co4,NH,4x,4,1.99,2.47,1.4,0.63,1.05,0.97,2.19
31,Co4-9-1,Co4,NH,4x,5,1.83,2.47,1.32,0.72,1.11,1.06,2.17
31,Co4-9-1,Co4,NH,4x,6,1.66,2.41,1.17,0.56,0.99,0.9,2.09
28,Co4-9-2,Co4,NH,4x,1,1.78,2.28,1.33,1.1,1.8,0.84,2.22
28,Co4-9-2,Co4,NH,4x,2,2.01,2.39,1.36,1.04,2.02,0.72,2.33
28,Co4-9-2,Co4,NH,4x,3,1.95,2.44,1.33,1.1,1.75,0.95,2.39
28,Co4-9-2,Co4,NH,4x,4,1.98,2.51,1.34,1.27,1.7,0.97,2.32
28,Co4-9-2,Co4,NH,4x,5,1.81,2.22,1.35,0.89,1.7,0.79,2.24
28,Co4-9-2,Co4,NH,4x,6,1.8,2.41,1.33,0.79,1.76,0.66,2.32
131,Co4-9-3,Co4,NH,4x,1,3.7,3.4,1.88,1.64,2.19,1.02,2.53
131,Co4-9-3,Co4,NH,4x,2,3.91,3.46,1.93,1.49,2.23,0.91,2.48
131,Co4-9-3,Co4,NH,4x,3,3.88,3.38,2.02,1.47,2.29,0.89,2.43
131,Co4-9-3,Co4,NH,4x,4,2.85,2.95,1.63,1.78,2.16,1.14,2.35
131,Co4-9-3,Co4,NH,4x,5,3.34,3.07,1.85,1.43,2.21,0.9,2.53
131,Co4-9-3,Co4,NH,4x,6,3.36,3.09,1.8,1.39,1.91,1.06,2.41
59,Co4-9-4,Co4,NH,4x,1,1.77,2.39,1.2,0.99,1.69,0.78,2.1
59,Co4-9-4,Co4,NH,4x,2,1.56,2.08,1.12,0.9,1.89,0.67,2.13
59,Co4-9-4,Co4,NH,4x,3,1.68,2.15,1.17,1.09,1.79,0.84,2.14
59,Co4-9-4,Co4,NH,4x,4,1.69,2.19,1.31,1.05,1.73,0.8,2.17
59,Co4-9-4,Co4,NH,4x,5,1.43,2.24,1.06,0.82,1.77,0.7,2.14
59,Co4-9-4,Co4,NH,4x,6,1.5,2.17,1.04,0.88,1.68,0.76,2.18
15,Co4-9-5,Co4,NH,4x,1,1.74,2.2,1.3,0.92,1.76,1.1,2.11
15,Co4-9-5,Co4,NH,4x,2,1.71,2.23,1.24,0.86,1.63,1.06,2.08
15,Co4-9-5,Co4,NH,4x,3,2.02,2.4,1.39,1.06,1.99,1.09,2.18
15,Co4-9-5,Co4,NH,4x,4,2.13,2.69,1.35,0.97,1.82,1.07,2.13
15,Co4-9-5,Co4,NH,4x,5,2.15,2.44,1.41,0.87,1.73,0.7,2.04
15,Co4-9-5,Co4,NH,4x,6,2.28,2.58,1.44,0.91,1.78,0.73,2.32
14,Co4-9-6,Co4,NH,4x,1,1.84,2.34,1.31,0.9,1.73,0.75,2.15
14,Co4-9-6,Co4,NH,4x,2,1.47,2.41,1.04,0.72,1.8,0.7,1.97
14,Co4-9-6,Co4,NH,4x,3,1.87,2.41,1.34,0.89,1.5,0.99,1.99
14,Co4-9-6,Co4,NH,4x,4,1.86,2.32,1.35,0.86,1.65,0.72,1.97
14,Co4-9-6,Co4,NH,4x,5,2.04,2.52,1.4,0.75,1.31,0.95,1.93
14,Co4-9-6,Co4,NH,4x,6,1.93,2.43,1.35,0.68,1.52,0.58,2.1
112,F-10-1,F,H,2x,1,2.11,2.31,1.5,1.25,1.63,1.13,1.82
112,F-10-1,F,H,2x,2,2.11,2.37,1.5,1.12,1.55,1.01,1.63
112,F-10-1,F,H,2x,3,2.23,2.36,1.53,1.04,1.6,0.98,1.76
112,F-10-1,F,H,2x,4,2.57,2.65,1.54,1.45,1.79,1.16,1.67
112,F-10-1,F,H,2x,5,2.31,2.5,1.5,1.04,1.85,0.82,1.73
112,F-10-1,F,H,2x,6,2.32,2.51,1.48,1.28,1.69,1.12,1.75
79,F-10-2,F,H,2x,1,2.98,2.99,1.54,1.61,1.94,1.14,1.77
79,F-10-2,F,H,2x,2,2.83,2.78,1.56,1.44,1.96,1.02,1.85
79,F-10-2,F,H,2x,3,3.01,2.88,1.6,1.34,1.99,0.96,1.97
79,F-10-2,F,H,2x,4,3.54,3.12,1.73,1.53,1.76,1.2,2
79,F-10-2,F,H,2x,5,3.62,3.17,1.74,1.45,2.04,1.02,1.93
79,F-10-2,F,H,2x,6,3.27,3.04,1.64,1.6,1.96,1.22,1.94
64,F-10-3,F,H,2x,1,2.38,2.54,1.58,1.54,1.93,1.03,1.93
64,F-10-3,F,H,2x,2,2.37,2.44,1.53,1.38,1.75,1.1,2.04
64,F-10-3,F,H,2x,3,2.6,2.61,1.6,1.44,1.89,1.06,2.29
64,F-10-3,F,H,2x,4,3.08,2.77,1.77,1.66,2.04,1.2,2.06
64,F-10-3,F,H,2x,5,3.04,2.69,1.74,1.21,2.05,0.92,2.07
64,F-10-3,F,H,2x,6,2.85,2.71,1.74,1.56,1.8,1.23,2.24
101,F-10-4,F,H,2x,1,3.54,3.05,1.74,1.2,1.9,0.88,2.15
101,F-10-4,F,H,2x,2,3.3,3.19,1.64,1.17,1.88,0.91,2.14
101,F-10-4,F,H,2x,3,3.26,3.05,1.71,1.14,2.04,0.86,2.13
101,F-10-4,F,H,2x,4,3.43,3.3,1.64,0.95,1.85,0.8,2.12
101,F-10-4,F,H,2x,5,3.4,3.08,1.72,1.18,1.82,0.93,2.17
101,F-10-4,F,H,2x,6,3.29,3,1.68,1.22,1.9,0.91,2.22
93,F-10-5,F,H,2x,1,2.87,3.01,1.51,1.37,2.03,0.93,2.33
93,F-10-5,F,H,2x,2,2.72,2.89,1.48,1.21,2.07,0.82,2.24
93,F-10-5,F,H,2x,3,2.55,2.9,1.41,1.3,1.86,0.98,2.27
93,F-10-5,F,H,2x,4,2.75,2.86,1.45,1.24,1.82,0.99,2.22
93,F-10-5,F,H,2x,5,2.54,2.79,1.44,1.2,1.79,0.89,2.18
93,F-10-5,F,H,2x,6,2.71,2.95,1.42,1.01,1.86,0.87,2.18
242,F-10-6,F,H,2x,1,4.9,3.72,2.19,1.45,1.99,1,2.39
242,F-10-6,F,H,2x,2,4.19,3.47,1.92,1.41,1.82,1.16,2.2
242,F-10-6,F,H,2x,3,4.59,3.7,2.14,1.33,1.98,0.94,2.21
242,F-10-6,F,H,2x,4,4.15,3.34,2.02,1.45,2.01,1.08,2.29
242,F-10-6,F,H,2x,5,3.9,3.25,1.93,1.33,1.82,1.02,2.24
242,F-10-6,F,H,2x,6,4.76,3.42,2.28,1.33,2.01,1.03,2.24
109,F-1-1,F,H,2x,1,3.61,3.34,1.72,1.45,1.96,1,2.61
109,F-1-1,F,H,2x,2,3.52,3.39,1.68,1.19,1.85,0.91,2.61
109,F-1-1,F,H,2x,3,3.33,3.31,1.63,1.06,1.73,0.83,2.62
109,F-1-1,F,H,2x,4,3.29,3.27,1.66,1.09,1.59,1.02,2.39
109,F-1-1,F,H,2x,5,2.99,3.15,1.45,1.04,1.69,0.88,2.66
109,F-1-1,F,H,2x,6,2.86,3.07,1.47,1.26,1.81,0.98,2.63
86,F-1-3,F,H,2x,1,2.75,3.02,1.39,1.13,1.71,0.93,2.48
86,F-1-3,F,H,2x,2,2.69,3.1,1.35,1.1,1.91,0.77,2.3
86,F-1-3,F,H,2x,3,2.71,3.18,1.36,0.86,1.84,0.62,2.39
86,F-1-3,F,H,2x,4,2.81,3.05,1.37,1.2,1.74,0.97,2.28
86,F-1-3,F,H,2x,5,2.57,2.92,1.31,0.88,1.58,0.81,2.17
86,F-1-3,F,H,2x,6,2.54,2.9,1.45,0.88,1.63,0.8,2.36
250,F-1-4,F,H,2x,1,3.16,2.96,1.71,1.15,1.78,0.85,2.29
250,F-1-4,F,H,2x,2,2.97,2.9,1.61,1.08,1.71,0.87,2.27
250,F-1-4,F,H,2x,3,3.13,3,1.61,1.03,1.72,0.85,2.49
250,F-1-4,F,H,2x,4,2.74,2.91,1.55,0.84,1.69,0.68,2.05
250,F-1-4,F,H,2x,5,2.72,2.86,1.53,0.84,1.62,0.74,2.13
250,F-1-4,F,H,2x,6,2.61,2.83,1.5,0.9,1.59,0.72,2.1
129,F-1-5,F,H,2x,1,1.92,2.68,1.19,1.13,1.55,0.96,2.16
129,F-1-5,F,H,2x,2,2.11,2.82,1.25,1.09,1.51,0.98,2.23
129,F-1-5,F,H,2x,3,1.96,2.75,1.27,1.14,1.55,1.01,2.2
129,F-1-5,F,H,2x,4,2.4,2.94,1.39,1.13,1.72,0.91,2.23
129,F-1-5,F,H,2x,5,2.22,2.84,1.4,0.92,1.67,0.88,2.19
129,F-1-5,F,H,2x,6,2.1,2.82,1.31,0.94,1.49,0.93,2.25
262,F-1-6,F,H,2x,1,2.28,2.45,1.46,1.18,1.59,0.96,2.12
262,F-1-6,F,H,2x,2,2.61,2.48,1.6,1.02,1.44,0.94,1.9
262,F-1-6,F,H,2x,3,2.33,2.4,1.47,1.05,1.42,0.98,1.85
262,F-1-6,F,H,2x,4,2.77,2.6,1.59,1.23,1.62,1.01,1.91
262,F-1-6,F,H,2x,5,2.57,2.66,1.49,1.09,1.5,1.03,1.89
262,F-1-6,F,H,2x,6,2.67,2.58,1.58,1.1,1.58,0.92,1.95
73,F-3-1,F,H,2x,1,3.3,3.05,1.65,0.9,1.57,0.89,2.21
73,F-3-1,F,H,2x,2,3.27,3.05,1.65,0.9,1.6,0.8,2.21
73,F-3-1,F,H,2x,3,3.75,3.28,1.64,1.17,1.73,0.93,2.4
73,F-3-1,F,H,2x,4,3.82,3.34,1.7,1.01,1.62,0.9,2.38
73,F-3-1,F,H,2x,5,3.45,3.29,1.56,0.83,1.58,0.79,2.41
73,F-3-1,F,H,2x,6,3.55,3.37,1.69,1.02,1.65,0.99,2.36
107,F-3-2,F,H,2x,1,2.85,3.08,1.43,1.12,1.81,0.91,1.89
107,F-3-2,F,H,2x,2,2.61,2.98,1.39,0.93,1.51,0.86,2.2
107,F-3-2,F,H,2x,3,2.63,3.01,1.39,0.84,1.62,0.65,2.18
107,F-3-2,F,H,2x,4,3.08,3.24,1.48,1.11,1.72,0.9,2.07
107,F-3-2,F,H,2x,5,2.78,3.11,1.41,0.77,1.65,0.79,2.13
107,F-3-2,F,H,2x,6,2.62,2.99,1.46,0.95,1.65,1.02,2.16
49,F-3-3,F,H,2x,1,6.32,3.76,2.47,2.44,2.47,1.33,2.59
49,F-3-3,F,H,2x,2,6.09,3.61,2.57,1.92,2,1.33,2.9
49,F-3-3,F,H,2x,3,6.24,3.82,2.55,2.13,2.43,1.18,2.84
49,F-3-3,F,H,2x,4,4.99,3.51,2.23,1.21,1.62,1.23,2.61
49,F-3-3,F,H,2x,5,5.09,3.49,2.26,1.39,1.75,1.18,2.57
49,F-3-3,F,H,2x,6,5.19,3.76,2.18,1.58,1.89,1.27,2.44
23,F-3-4,F,H,2x,1,6.11,3.54,2.63,2.44,2.36,1.39,2.55
23,F-3-4,F,H,2x,2,7.07,3.97,2.84,2.53,2.51,1.39,2.71
23,F-3-4,F,H,2x,3,7.39,4.08,2.8,2.43,2.36,1.4,2.97
23,F-3-4,F,H,2x,4,6.34,3.69,2.56,2.26,2.47,1.24,2.68
23,F-3-4,F,H,2x,5,6.16,3.79,2.53,2.03,2.42,1.23,2.67
23,F-3-4,F,H,2x,6,6.13,3.72,2.51,2.05,2.37,1.29,2.68
121,F-3-5,F,H,2x,1,8.77,4.54,3.08,3.16,2.63,1.71,2.95
121,F-3-5,F,H,2x,2,8.91,4.31,3.19,2.86,2.8,1.5,2.96
121,F-3-5,F,H,2x,3,8.81,4.24,3.14,3.08,2.62,1.64,3.13
121,F-3-5,F,H,2x,4,9.67,4.55,3.24,3.16,2.63,1.68,2.85
121,F-3-5,F,H,2x,5,9.28,4.56,3.15,2.69,2.62,1.47,2.81
121,F-3-5,F,H,2x,6,9.06,4.66,3.1,2.69,2.57,1.39,3.16
60,F-3-6,F,H,2x,1,6.56,3.95,2.63,2.2,2.4,1.25,2.5
60,F-3-6,F,H,2x,2,6.73,3.96,2.57,2,2.31,1.35,2.59
60,F-3-6,F,H,2x,3,6.98,3.93,2.68,2.01,2.21,1.37,2.77
60,F-3-6,F,H,2x,4,7.6,4.03,2.88,2.25,2.25,1.35,2.51
60,F-3-6,F,H,2x,5,6.71,3.69,2.69,2.38,2.45,1.61,2.65
60,F-3-6,F,H,2x,6,7.26,3.8,2.78,2,2.11,1.33,2.62
94,F-5-1,F,H,2x,1,4.37,3.63,1.93,2.23,2.32,1.38,2.6
94,F-5-1,F,H,2x,2,4.47,3.6,2.03,1.8,2.28,1.08,2.72
94,F-5-1,F,H,2x,3,4.42,3.63,1.99,1.83,2.21,1.11,2.26
94,F-5-1,F,H,2x,4,4.09,3.53,1.9,1.83,2.19,1.18,2.5
94,F-5-1,F,H,2x,5,4.59,3.89,2.03,1.67,2.05,1.1,2.74
94,F-5-1,F,H,2x,6,4.35,3.79,1.93,1.45,2.06,1.06,2.38
98,F-5-3,F,H,2x,1,4.09,3.45,1.86,1.47,1.89,1.06,2.49
98,F-5-3,F,H,2x,2,3.9,3.52,1.77,1.33,1.82,0.96,2.19
98,F-5-3,F,H,2x,3,3.7,3.31,1.73,1.46,2.08,0.97,2.57
98,F-5-3,F,H,2x,4,3.71,3.4,1.72,1.27,1.82,0.99,2.36
98,F-5-3,F,H,2x,5,3.23,3.07,1.65,0.92,1.62,0.84,2.43
98,F-5-3,F,H,2x,6,3.86,3.45,1.77,0.82,1.81,0.74,2.41
253,F-5-4,F,H,2x,1,2.05,2.29,1.44,0.96,1.39,0.93,1.64
253,F-5-4,F,H,2x,2,1.91,2.19,1.4,0.77,1.41,0.74,1.82
253,F-5-4,F,H,2x,3,2.01,2.25,1.47,0.71,1.48,0.69,1.72
253,F-5-4,F,H,2x,4,2.18,2.42,1.48,1.08,1.56,1.02,1.46
253,F-5-4,F,H,2x,5,2.54,2.54,1.62,1.06,1.59,0.89,1.58
253,F-5-4,F,H,2x,6,2.51,2.58,1.6,1,1.56,0.98,1.48
227,F-5-5,F,H,2x,1,3.6,3.28,1.82,1.13,2,0.82,2.36
227,F-5-5,F,H,2x,2,4.06,3.51,1.91,1.38,2.06,1.01,2.42
227,F-5-5,F,H,2x,3,4.13,3.38,1.95,1.4,2.03,1.08,2.4
227,F-5-5,F,H,2x,4,3.95,3.36,1.82,1.35,2.12,0.89,2.3
227,F-5-5,F,H,2x,5,4.15,3.38,1.9,1.44,2.04,1.04,2.48
227,F-5-5,F,H,2x,6,4.37,3.54,1.95,1.41,2.1,0.99,2.28
239,F-5-6,F,H,2x,1,3.95,3.75,1.75,1.5,2.28,0.89,2.39
239,F-5-6,F,H,2x,2,3.88,3.7,1.74,1.49,2.18,0.9,2.26
239,F-5-6,F,H,2x,3,3.77,3.58,1.71,1.57,2.21,0.98,2.38
239,F-5-6,F,H,2x,4,2.65,3.14,1.56,1.41,2.07,0.91,2.27
239,F-5-6,F,H,2x,5,3.11,3.18,1.6,1.28,1.91,0.97,2.28
239,F-5-6,F,H,2x,6,3.15,3.33,1.53,1.28,2.12,0.87,2.22
200,F-8-1,F,H,2x,1,3.49,3.11,1.77,1.65,2.04,1.19,2.24
200,F-8-1,F,H,2x,2,3.19,3.11,1.53,1.66,2.16,1.1,2.34
200,F-8-1,F,H,2x,3,2.91,3.17,1.5,1.36,2.17,0.92,2.3
200,F-8-1,F,H,2x,4,4.9,3.69,2.1,1.79,2.2,1.14,2.3
200,F-8-1,F,H,2x,5,4.98,3.77,2.13,1.71,2.18,1.02,2.37
200,F-8-1,F,H,2x,6,4.03,3.52,1.76,1.6,2.18,0.98,2.42
193,F-8-2,F,H,2x,1,6.71,4.13,2.54,2.08,2.36,1.27,2.49
193,F-8-2,F,H,2x,2,6.41,4.16,2.41,1.88,2.31,1.13,2.49
193,F-8-2,F,H,2x,3,5.82,3.98,2.27,1.76,2.33,1.17,2.68
193,F-8-2,F,H,2x,4,6.46,4.12,2.64,1.66,2.21,1.04,2.4
193,F-8-2,F,H,2x,5,6.43,4.36,2.63,1.71,2.17,1.08,2.17
193,F-8-2,F,H,2x,6,5.8,3.84,2.46,1.99,2.28,1.17,2.25
148,F-8-3,F,H,2x,1,5.36,4,2.16,1.85,2.28,1.2,2.37
148,F-8-3,F,H,2x,2,5.37,3.93,2.23,1.88,2.31,1.13,2.5
148,F-8-3,F,H,2x,3,5.04,3.86,2.18,1.62,2.24,1.05,2.59
148,F-8-3,F,H,2x,4,5.41,4,2.11,1.56,2.05,1.2,2.35
148,F-8-3,F,H,2x,5,5.67,4.1,2.19,1.53,2.17,1,2.53
148,F-8-3,F,H,2x,6,5.57,4.19,2.1,1.34,2.04,0.97,2.51
195,F-8-4,F,H,2x,1,3.58,3.35,1.71,1.3,1.9,0.99,2.45
195,F-8-4,F,H,2x,2,3.68,3.38,1.74,1.33,1.85,1.01,2.38
195,F-8-4,F,H,2x,3,3.65,3.35,1.68,1.43,2.01,1,2.44
195,F-8-4,F,H,2x,4,3.39,3.52,1.54,1.24,1.96,0.89,2.29
195,F-8-4,F,H,2x,5,3.45,3.4,1.63,1.35,1.9,1.04,2.19
195,F-8-4,F,H,2x,6,3.91,3.53,1.66,1.52,2.11,0.98,2.33
125,F-8-5,F,H,2x,1,5.02,3.8,2.12,1.85,2.4,1.14,2.61
125,F-8-5,F,H,2x,2,5.41,3.94,2.2,1.75,2.34,1.1,2.59
125,F-8-5,F,H,2x,3,4.92,3.76,2.11,2.03,2.21,1.32,2.64
125,F-8-5,F,H,2x,4,5.38,3.88,2.18,1.87,2.26,1.15,2.69
125,F-8-5,F,H,2x,5,5.12,3.88,2.16,1.43,2.16,0.92,2.58
125,F-8-5,F,H,2x,6,5.12,3.85,2.2,1.6,2.07,1.05,2.7
99,F-8-6,F,H,2x,1,6.06,4.23,2.38,1.87,2.37,1.07,2.61
99,F-8-6,F,H,2x,2,5.97,4.22,2.35,1.78,2.13,1.09,2.53
99,F-8-6,F,H,2x,3,5.89,4.16,2.31,2.13,2.3,1.25,2.53
99,F-8-6,F,H,2x,4,5.07,3.93,2.18,1.42,2.08,0.93,2.42
99,F-8-6,F,H,2x,5,5.23,3.9,2.22,1.41,1.91,1.06,2.44
99,F-8-6,F,H,2x,6,4.88,3.92,2.01,1.24,1.92,1.04,2.54
135,F-9-1,F,H,2x,1,2.82,3.05,1.51,0.83,1.78,0.66,2.13
135,F-9-1,F,H,2x,2,2.8,3.08,1.51,0.82,1.8,0.77,2.27
135,F-9-1,F,H,2x,3,3.03,3.22,1.59,0.97,1.92,0.71,2.03
135,F-9-1,F,H,2x,4,3.14,3.17,1.62,0.94,1.72,0.77,1.95
135,F-9-1,F,H,2x,5,3.26,3.19,1.63,0.81,1.74,0.72,2.32
135,F-9-1,F,H,2x,6,3.24,3.28,1.64,1.01,1.79,0.78,2.17
116,F-9-2,F,H,2x,1,5.22,3.55,2.2,2.07,2.17,1.31,2.13
116,F-9-2,F,H,2x,2,4.84,3.49,2.13,2.01,2.16,1.5,2.2
116,F-9-2,F,H,2x,3,5.08,3.5,2.25,2.05,2.38,1.17,2.21
116,F-9-2,F,H,2x,4,4.76,3.63,2.07,1.5,2.21,1.07,2.19
116,F-9-2,F,H,2x,5,4.72,3.34,2.16,1.39,2,1.06,2.07
116,F-9-2,F,H,2x,6,4.64,3.41,2.11,1.58,1.85,1.22,2.27
198,F-9-3,F,H,2x,1,2.58,3.1,1.31,0.73,1.46,0.74,1.87
198,F-9-3,F,H,2x,2,2.97,3.19,1.5,0.79,1.56,0.66,1.84
198,F-9-3,F,H,2x,3,2.73,3.09,1.42,0.64,1.39,0.7,1.9
198,F-9-3,F,H,2x,4,2.87,3.1,1.51,1.01,1.69,0.82,1.94
198,F-9-3,F,H,2x,5,3.04,3.3,1.52,0.71,1.74,0.6,1.98
198,F-9-3,F,H,2x,6,2.78,3.12,1.36,0.71,1.62,0.61,1.89
54,F-9-4,F,H,2x,1,5.36,3.79,2.32,1.17,1.58,1.15,2.25
54,F-9-4,F,H,2x,2,5.82,3.87,2.47,0.96,1.53,1.09,2.44
54,F-9-4,F,H,2x,3,5.98,3.75,2.44,0.98,1.68,1.01,2.55
54,F-9-4,F,H,2x,4,5.08,3.74,2.11,1.06,1.39,1.35,2.41
54,F-9-4,F,H,2x,5,5.23,3.61,2.19,1.08,1.65,1.11,2.43
54,F-9-4,F,H,2x,6,5.91,3.78,2.44,1,1.42,1.06,2.34
220,F-9-5,F,H,2x,1,3.52,2.93,1.83,0.97,1.88,0.71,2.2
220,F-9-5,F,H,2x,2,3.44,3.17,1.78,0.82,1.83,0.61,2.2
220,F-9-5,F,H,2x,3,3.53,3.22,1.7,0.75,1.73,0.6,2.23
220,F-9-5,F,H,2x,4,3.1,3.09,1.58,1.13,1.95,0.8,2.06
220,F-9-5,F,H,2x,5,3.21,3.03,1.68,0.96,1.81,0.73,2.05
220,F-9-5,F,H,2x,6,2.74,2.82,1.55,1.15,1.93,0.83,2.09
1,F-9-6,F,H,2x,1,4.43,3.36,2.04,1.32,2.06,1.12,2.27
1,F-9-6,F,H,2x,2,4.34,3.38,2.04,0.93,1.72,0.83,2.57
1,F-9-6,F,H,2x,3,4.82,3.44,2.14,1.12,1.85,1.04,2.39
1,F-9-6,F,H,2x,4,4.94,3.78,2.07,1.21,1.87,1.15,2.36
1,F-9-6,F,H,2x,5,4.87,3.63,2.13,1.25,1.87,0.91,2.44
1,F-9-6,F,H,2x,6,5.02,3.68,2.26,1.26,1.9,0.98,2.48
273,Sd-1-1,Sd,H,4x,1,5.36,3.71,2.21,1.76,2.42,0.99,2.5
273,Sd-1-1,Sd,H,4x,2,4.88,3.55,2.16,1.81,2.28,1.13,2.53
273,Sd-1-1,Sd,H,4x,3,5.11,3.6,2.17,1.81,2.45,1.07,2.52
273,Sd-1-1,Sd,H,4x,4,4.88,3.77,2.1,1.82,2.17,1.31,2.48
273,Sd-1-1,Sd,H,4x,5,4.83,3.44,2.12,1.82,2.27,1.14,2.34
273,Sd-1-1,Sd,H,4x,6,4.91,3.71,2.18,1.83,2.13,1.19,2.52
231,Sd-1-2,Sd,H,4x,1,4.89,3.66,2.18,1.89,2.43,1.11,2.79
231,Sd-1-2,Sd,H,4x,2,4.79,3.76,2.06,1.97,2.27,1.21,2.73
231,Sd-1-2,Sd,H,4x,3,4.83,3.75,2.09,1.86,2.52,1.11,2.72
231,Sd-1-2,Sd,H,4x,4,4.27,3.46,2.02,2.07,2.54,1.12,2.44
231,Sd-1-2,Sd,H,4x,5,4.32,3.41,2.03,2.15,2.39,1.27,2.54
231,Sd-1-2,Sd,H,4x,6,4.41,3.46,2.18,2.14,2.31,1.24,2.49
228,Sd-1-4,Sd,H,4x,1,3.73,2.81,1.85,1.76,2.45,1,2.52
228,Sd-1-4,Sd,H,4x,2,3.87,3.04,1.94,1.46,2.32,0.84,2.58
228,Sd-1-4,Sd,H,4x,3,3.77,3.33,1.94,1.51,2.32,0.97,2.71
228,Sd-1-4,Sd,H,4x,4,4.33,3.55,1.94,1.81,2.4,1.07,2.66
228,Sd-1-4,Sd,H,4x,5,4.44,3.65,1.99,1.78,2.4,1.05,2.6
228,Sd-1-4,Sd,H,4x,6,4.6,3.62,2.1,1.45,2.26,0.9,2.66
225,Sd-1-5,Sd,H,4x,1,4.37,3.49,2.03,1.65,2.28,1.08,2.6
225,Sd-1-5,Sd,H,4x,2,4.21,3.34,2.06,1.63,2.26,1.11,2.54
225,Sd-1-5,Sd,H,4x,3,3.77,3.28,2.02,1.73,2.3,1.1,2.32
225,Sd-1-5,Sd,H,4x,4,4.48,3.52,2,1.88,2.42,1.06,2.59
225,Sd-1-5,Sd,H,4x,5,4.49,3.63,2.04,1.59,2.44,0.88,2.47
225,Sd-1-5,Sd,H,4x,6,4.22,3.43,2.02,1.59,2.17,1.16,2.35
252,Sd-1-6,Sd,H,4x,1,3.03,3.09,1.59,1.42,2.18,0.89,2.58
252,Sd-1-6,Sd,H,4x,2,3.24,3.11,1.67,1.25,2.24,0.76,2.59
252,Sd-1-6,Sd,H,4x,3,3.05,3.04,1.63,1.59,2.36,0.92,2.48
252,Sd-1-6,Sd,H,4x,4,3.58,3.24,1.8,1.64,2.27,0.97,2.59
252,Sd-1-6,Sd,H,4x,5,3.77,3.32,1.8,1.36,2.14,0.88,2.71
252,Sd-1-6,Sd,H,4x,6,3.86,3.32,1.9,1.32,2.02,1.06,2.64
210,Sd-2-1,Sd,H,4x,1,5.82,3.87,2.25,2.2,2.2,1.38,2.63
210,Sd-2-1,Sd,H,4x,2,5.83,3.94,2.26,2,2.1,1.34,2.5
210,Sd-2-1,Sd,H,4x,3,5.75,3.94,2.26,1.62,2.19,1.06,2.63
210,Sd-2-1,Sd,H,4x,4,5.98,4.05,2.33,2.06,2.2,1.27,2.75
210,Sd-2-1,Sd,H,4x,5,5.96,4.03,2.34,2.08,2.17,1.31,2.49
210,Sd-2-1,Sd,H,4x,6,5.88,4,2.26,1.91,2.22,1.2,2.46
263,Sd-2-2,Sd,H,4x,1,5.66,3.81,2.3,1.99,2.34,1.15,2.72
263,Sd-2-2,Sd,H,4x,2,5.74,3.82,2.33,2.33,2.48,1.25,2.52
263,Sd-2-2,Sd,H,4x,3,5.56,3.77,2.31,2.61,2.39,1.52,2.61
263,Sd-2-2,Sd,H,4x,4,5.61,3.81,2.29,2.38,2.49,1.4,2.53
263,Sd-2-2,Sd,H,4x,5,5.53,3.74,2.29,2.24,2.45,1.22,2.53
263,Sd-2-2,Sd,H,4x,6,5.57,3.72,2.3,2.09,2.38,1.3,2.54
222,Sd-2-3,Sd,H,4x,1,4.92,3.65,2.13,1.92,2.24,1.12,2.49
222,Sd-2-3,Sd,H,4x,2,5.12,3.54,2.21,1.77,2.21,1.15,2.47
222,Sd-2-3,Sd,H,4x,3,4.77,3.59,2.07,1.84,2.16,1.21,2.51
222,Sd-2-3,Sd,H,4x,4,5.99,4.03,2.42,2.07,2.44,1.18,2.71
222,Sd-2-3,Sd,H,4x,5,5.93,4.04,2.34,2.08,2.48,1.13,2.71
222,Sd-2-3,Sd,H,4x,6,6.05,3.95,2.43,2.15,2.45,1.3,2.69
218,Sd-4-1,Sd,H,4x,1,4.41,3.37,2.1,1.84,2.38,1.05,2.77
218,Sd-4-1,Sd,H,4x,2,4.68,3.4,2.19,1.6,2.28,0.95,2.77
218,Sd-4-1,Sd,H,4x,3,4.57,3.33,2.1,1.63,2.31,1.01,2.77
218,Sd-4-1,Sd,H,4x,4,4.94,3.52,2.2,1.51,2.36,0.91,2.63
218,Sd-4-1,Sd,H,4x,5,5.13,3.6,2.26,1.71,2.3,1.03,2.54
218,Sd-4-1,Sd,H,4x,6,5.45,3.75,2.36,1.53,2.24,1.07,2.64
165,Sd-4-2,Sd,H,4x,1,5.59,3.81,2.3,2.09,2.58,1.2,2.7
165,Sd-4-2,Sd,H,4x,2,5.94,3.9,2.44,2.07,2.47,1.26,2.68
165,Sd-4-2,Sd,H,4x,3,5.64,3.82,2.29,2,2.55,1.12,2.52
165,Sd-4-2,Sd,H,4x,4,5.9,3.92,2.43,1.87,2.64,1.05,2.58
165,Sd-4-2,Sd,H,4x,5,5.53,3.81,2.29,1.8,2.55,0.94,2.5
165,Sd-4-2,Sd,H,4x,6,5.6,3.85,2.33,1.83,2.59,1.1,2.67
244,Sd-4-3,Sd,H,4x,1,4.54,3.5,2.03,1.51,2.16,1.04,2.39
244,Sd-4-3,Sd,H,4x,2,4.34,3.56,1.9,1.63,2.31,1,2.61
244,Sd-4-3,Sd,H,4x,3,4.25,3.47,1.91,1.32,1.9,1.12,2.29
244,Sd-4-3,Sd,H,4x,4,4.77,3.7,1.99,1.72,2.21,1.16,2.47
244,Sd-4-3,Sd,H,4x,5,5.16,3.78,2.07,1.76,2.26,1.14,2.5
244,Sd-4-3,Sd,H,4x,6,4.56,3.59,2,1.72,2.33,1.08,2.58
110,Sd-4-4,Sd,H,4x,1,6.63,3.86,2.82,2.12,2.53,1.17,2.89
110,Sd-4-4,Sd,H,4x,2,6.4,3.88,2.8,1.72,2.61,0.94,2.95
110,Sd-4-4,Sd,H,4x,3,5.66,3.7,2.62,2.46,2.62,1.26,2.9
110,Sd-4-4,Sd,H,4x,4,6.5,3.95,2.69,2.27,2.47,1.32,2.88
110,Sd-4-4,Sd,H,4x,5,6.42,4.01,2.7,1.97,2.48,1.08,2.98
110,Sd-4-4,Sd,H,4x,6,6.56,3.95,2.77,2.13,2.67,1.07,2.84
216,Sd-4-5,Sd,H,4x,1,6.76,4.23,2.62,2.22,2.22,1.3,2.77
216,Sd-4-5,Sd,H,4x,2,6.58,4.11,2.51,2.02,2.43,1.13,2.82
216,Sd-4-5,Sd,H,4x,3,6.69,4.16,2.54,1.57,2.43,0.97,3.1
216,Sd-4-5,Sd,H,4x,4,6.75,4.19,2.56,1.99,2.31,1.19,2.76
216,Sd-4-5,Sd,H,4x,5,5.95,3.76,2.5,1.86,2.3,1.12,2.63
216,Sd-4-5,Sd,H,4x,6,6.73,4.13,2.6,1.41,2.45,0.8,2.89
154,Sd-4-6,Sd,H,4x,1,4.79,3.4,2.28,1.67,2.33,1.01,2.82
154,Sd-4-6,Sd,H,4x,2,4.63,3.56,2.19,1.71,2.39,1.12,3.03
154,Sd-4-6,Sd,H,4x,3,4.7,3.59,2.24,1.64,2.44,0.89,2.82
154,Sd-4-6,Sd,H,4x,4,5.12,3.68,2.28,1.75,2.4,1.05,2.83
154,Sd-4-6,Sd,H,4x,5,4.92,3.61,2.25,1.68,2.33,1.07,2.78
154,Sd-4-6,Sd,H,4x,6,5.06,3.56,2.36,1.62,2.32,0.99,2.9
295,Sd-6-1,Sd,H,4x,1,6.68,3.92,2.69,2,2.34,1.13,3.05
295,Sd-6-1,Sd,H,4x,2,6.24,3.83,2.68,2.22,2.28,1.36,2.93
295,Sd-6-1,Sd,H,4x,3,6.22,3.73,2.63,1.86,2.29,1.12,2.92
295,Sd-6-1,Sd,H,4x,4,6.28,4.01,2.67,1.78,2.35,0.97,2.87
295,Sd-6-1,Sd,H,4x,5,5.82,3.69,2.48,1.92,2.38,1.06,2.95
295,Sd-6-1,Sd,H,4x,6,5.85,3.66,2.58,2.17,2.11,1.47,2.78
300,Sd-6-2,Sd,H,4x,1,3.7,3.55,1.75,2.28,2.51,1.19,2.5
300,Sd-6-2,Sd,H,4x,2,3.84,3.63,1.78,1.77,2.56,0.86,2.64
300,Sd-6-2,Sd,H,4x,3,3.95,3.81,1.75,1.86,2.39,1.06,2.86
300,Sd-6-2,Sd,H,4x,4,3.67,3.11,1.74,2.49,3.51,1.86,2.61
300,Sd-6-2,Sd,H,4x,5,1.47,2.79,1.24,1.47,2.38,0.79,2.29
300,Sd-6-2,Sd,H,4x,6,NA,NA,NA,1.55,2.25,1.04,2.44
289,Sd-6-4,Sd,H,4x,1,4.85,3.75,1.98,2.11,2.51,1.21,3.09
289,Sd-6-4,Sd,H,4x,2,4.89,3.79,2.14,1.96,2.44,1.13,3.01
289,Sd-6-4,Sd,H,4x,3,5.25,3.82,2.25,1.88,2.41,0.98,3.28
289,Sd-6-4,Sd,H,4x,4,5.35,3.86,2.25,2.37,2.57,1.28,2.96
289,Sd-6-4,Sd,H,4x,5,5.11,3.9,2.22,2.27,2.55,1.26,3.05
289,Sd-6-4,Sd,H,4x,6,4.65,3.73,1.89,2.32,2.52,1.22,3.04
258,Sd-6-5,Sd,H,4x,1,4.39,3.52,2.06,1.92,2.54,1,2.62
258,Sd-6-5,Sd,H,4x,2,4.16,3.42,1.93,2.13,2.36,1.35,2.59
258,Sd-6-5,Sd,H,4x,3,4.77,3.62,2.09,1.84,2.28,1.13,2.76
258,Sd-6-5,Sd,H,4x,4,6.95,4.36,2.49,2.5,2.7,1.3,2.98
258,Sd-6-5,Sd,H,4x,5,6.29,4.13,2.38,2.2,2.58,1.2,2.94
258,Sd-6-5,Sd,H,4x,6,5.9,3.97,2.32,2.54,2.72,1.32,2.82
301,Sd-6-6,Sd,H,4x,1,5.54,3.89,2.27,2.08,2.42,1.22,2.89
301,Sd-6-6,Sd,H,4x,2,5.16,3.86,2.1,2.34,2.69,1.17,3.14
301,Sd-6-6,Sd,H,4x,3,5.13,3.79,2.15,2.55,2.79,1.32,2.97
301,Sd-6-6,Sd,H,4x,4,5.13,3.78,2.18,2.27,2.57,1.28,3.07
301,Sd-6-6,Sd,H,4x,5,5.37,3.96,2.27,1.95,2.78,1.07,2.8
301,Sd-6-6,Sd,H,4x,6,5.4,3.96,2.21,2.23,2.75,1.15,3
275,Sd-7-1,Sd,H,4x,1,7.23,4.67,2.48,2.11,2.6,1.13,2.82
275,Sd-7-1,Sd,H,4x,2,7.64,4.75,2.62,2.43,2.58,1.32,2.88
275,Sd-7-1,Sd,H,4x,3,6.3,4.57,2.26,1.88,2.53,1.08,2.79
275,Sd-7-1,Sd,H,4x,4,6.7,4.56,2.39,2.03,2.72,1.09,2.98
275,Sd-7-1,Sd,H,4x,5,6.66,4.68,2.38,2.11,2.59,1.15,2.81
275,Sd-7-1,Sd,H,4x,6,6.25,4.57,2.24,1.98,2.63,1.06,2.84
267,Sd-7-3,Sd,H,4x,1,4.41,4.17,1.76,1.94,2.65,1.05,2.39
267,Sd-7-3,Sd,H,4x,2,4.18,4.12,1.71,1.82,2.61,1.01,2.7
267,Sd-7-3,Sd,H,4x,3,4.1,4.04,1.75,1.76,2.65,0.92,2.67
267,Sd-7-3,Sd,H,4x,4,4.27,3.99,1.75,1.94,2.52,1.18,2.47
267,Sd-7-3,Sd,H,4x,5,4.04,3.93,1.7,1.74,2.47,1.02,2.64
267,Sd-7-3,Sd,H,4x,6,3.96,3.88,1.66,1.92,2.39,1.13,2.82
256,Sd-7-5,Sd,H,4x,1,7.03,4.99,2.47,2.32,2.8,1.14,2.97
256,Sd-7-5,Sd,H,4x,2,6.98,4.96,2.35,1.85,2.71,0.97,2.99
256,Sd-7-5,Sd,H,4x,3,7.07,4.87,2.44,2.19,2.61,1.23,3.07
256,Sd-7-5,Sd,H,4x,4,6.08,4.61,2.12,2.35,2.55,1.29,2.99
256,Sd-7-5,Sd,H,4x,5,6.27,4.58,2.3,2.09,2.63,1.09,3.08
256,Sd-7-5,Sd,H,4x,6,6.72,4.63,2.21,2.09,2.61,1.06,2.93
185,Sd-8-1,Sd,H,4x,1,3.64,2.94,1.97,1.2,1.74,1.06,2.3
185,Sd-8-1,Sd,H,4x,2,3.64,3.08,1.96,1.33,1.76,1.03,2.31
185,Sd-8-1,Sd,H,4x,3,3.55,2.99,1.91,1.48,2,0.9,2.39
185,Sd-8-1,Sd,H,4x,4,4.43,3.37,2.12,1.72,1.89,1.18,2.08
185,Sd-8-1,Sd,H,4x,5,4.48,3.22,2.19,1.55,1.94,1.18,2.36
185,Sd-8-1,Sd,H,4x,6,4.43,3.26,2.1,1.86,1.94,1.41,2.48
251,Sd-8-2,Sd,H,4x,1,3.33,3.01,1.81,1.61,1.98,1.06,2.29
251,Sd-8-2,Sd,H,4x,2,3.47,2.98,1.82,1.41,1.92,1.01,2.57
251,Sd-8-2,Sd,H,4x,3,3.4,3.04,1.73,1.33,1.94,0.96,2.29
251,Sd-8-2,Sd,H,4x,4,3.32,3.06,1.7,1.54,2.04,1.02,2.3
251,Sd-8-2,Sd,H,4x,5,3.39,3.01,1.75,1.53,1.95,1.14,2.38
251,Sd-8-2,Sd,H,4x,6,3.41,3,1.81,1.57,2.04,1.15,2.37
235,Sd-8-3,Sd,H,4x,1,5.9,3.55,2.58,2.08,2.48,1.16,2.58
235,Sd-8-3,Sd,H,4x,2,5.94,3.54,2.7,2.17,2.59,1.27,2.57
235,Sd-8-3,Sd,H,4x,3,6.53,3.62,2.81,1.87,2.47,1.05,2.56
235,Sd-8-3,Sd,H,4x,4,6.24,3.74,2.77,2.06,2.57,1.16,2.58
235,Sd-8-3,Sd,H,4x,5,6.69,3.67,2.87,2.08,2.55,1.18,2.44
235,Sd-8-3,Sd,H,4x,6,6.74,3.99,2.7,1.94,2.56,1.05,2.52
207,Sd-8-4,Sd,H,4x,1,3.88,3.1,1.87,1.3,2.2,0.8,2.36
207,Sd-8-4,Sd,H,4x,2,4.07,3.19,1.95,1.26,2.26,0.79,2.57
207,Sd-8-4,Sd,H,4x,3,4.11,3.26,2,1.27,2.19,0.82,2.38
207,Sd-8-4,Sd,H,4x,4,3.96,3.19,1.93,1.32,2.11,0.88,2.27
207,Sd-8-4,Sd,H,4x,5,3.73,3.09,1.88,1.48,2.14,0.92,2.33
207,Sd-8-4,Sd,H,4x,6,4.06,3.24,1.98,1.28,2.25,0.86,2.36
182,Sd-8-5,Sd,H,4x,1,5.19,3.49,2.39,2.1,2.27,1.23,2.69
182,Sd-8-5,Sd,H,4x,2,5.09,3.44,2.32,1.7,2.07,1.29,2.48
182,Sd-8-5,Sd,H,4x,3,4.97,3.61,2.1,1.6,2.31,0.96,2.48
182,Sd-8-5,Sd,H,4x,4,5.02,3.15,2.38,1.94,2.32,1.14,2.44
182,Sd-8-5,Sd,H,4x,5,5.55,3.53,2.45,1.7,2.33,1.06,2.34
182,Sd-8-5,Sd,H,4x,6,5.53,3.73,2.45,1.73,2.23,1.03,2.2
173,Sd-8-6,Sd,H,4x,1,4.56,3.3,2.1,1.56,1.99,1.13,2.37
173,Sd-8-6,Sd,H,4x,2,4.61,3.32,2.07,1.43,2.02,1,2.53
173,Sd-8-6,Sd,H,4x,3,4.6,3.31,2.09,1.22,1.85,1.02,2.35
173,Sd-8-6,Sd,H,4x,4,4.23,3.37,1.93,1.75,2.06,1.19,2.36
173,Sd-8-6,Sd,H,4x,5,4.11,3.14,1.9,1.4,1.99,0.99,2.36
173,Sd-8-6,Sd,H,4x,6,4,3.17,1.98,1.49,1.99,1.02,2.34
196,Sh-1-1,Sh,H,4x,1,4.85,3.38,2.25,1.68,2.1,1.12,2.68
196,Sh-1-1,Sh,H,4x,2,4.49,3.4,2.09,1.53,2.03,1.08,2.7
196,Sh-1-1,Sh,H,4x,3,4.51,3.35,2.18,1.43,2.07,1.03,2.67
196,Sh-1-1,Sh,H,4x,4,5.14,3.5,2.29,2.08,2.46,1.14,2.65
196,Sh-1-1,Sh,H,4x,5,5.06,3.5,2.22,1.57,2.36,0.84,2.79
196,Sh-1-1,Sh,H,4x,6,5.06,3.49,2.25,1.39,2.26,0.84,2.58
188,Sh-1-2,Sh,H,4x,1,4.56,3.42,2.2,1.97,2.3,1.19,2.47
188,Sh-1-2,Sh,H,4x,2,4.43,3.32,2.07,1.67,2.21,1.01,2.45
188,Sh-1-2,Sh,H,4x,3,4.4,3.32,2.05,1.57,2.16,1.01,2.45
188,Sh-1-2,Sh,H,4x,4,5.23,3.59,2.29,2.06,2.28,1.21,2.66
188,Sh-1-2,Sh,H,4x,5,4.97,3.49,2.22,1.85,2.28,1.09,2.63
188,Sh-1-2,Sh,H,4x,6,4.99,3.41,2.34,1.89,2.25,1.21,2.67
238,Sh-1-3,Sh,H,4x,1,4.23,3.37,2.04,1.82,2.29,1.07,2.67
238,Sh-1-3,Sh,H,4x,2,4.01,3.34,1.81,1.85,2.22,1.09,2.51
238,Sh-1-3,Sh,H,4x,3,4.48,3.35,2.1,1.71,2.25,1,2.45
238,Sh-1-3,Sh,H,4x,4,5.39,3.68,2.27,1.87,2.3,1.2,2.66
238,Sh-1-3,Sh,H,4x,5,5.17,3.62,2.26,1.62,2.13,1.09,2.67
238,Sh-1-3,Sh,H,4x,6,5.16,3.62,2.21,1.38,2.19,0.93,2.54
221,Sh-1-4,Sh,H,4x,1,4.63,3.38,2.11,1.72,2.11,1.08,2.54
221,Sh-1-4,Sh,H,4x,2,4.31,3.37,2,1.62,2.07,1.15,2.31
221,Sh-1-4,Sh,H,4x,3,4.16,3.28,1.95,1.4,2.06,0.95,2.5
221,Sh-1-4,Sh,H,4x,4,4.85,3.59,2.1,1.64,2.12,0.99,2.61
221,Sh-1-4,Sh,H,4x,5,4.86,3.4,2.15,1.58,2.16,1.07,2.56
221,Sh-1-4,Sh,H,4x,6,4.69,3.5,2.08,1.41,2.01,0.97,2.49
100,Sh-1-5,Sh,H,4x,1,4.29,3.36,2.02,1.6,2.02,1.16,2.55
100,Sh-1-5,Sh,H,4x,2,4.42,3.58,1.95,1.42,2.03,1.14,2.58
100,Sh-1-5,Sh,H,4x,3,4.47,3.35,2.03,1.76,2.16,1.23,2.61
100,Sh-1-5,Sh,H,4x,4,4.67,3.52,2.09,1.24,2.03,0.88,2.59
100,Sh-1-5,Sh,H,4x,5,4.32,3.38,1.96,1.38,1.9,1.11,2.67
100,Sh-1-5,Sh,H,4x,6,4.55,3.63,1.98,1.21,1.8,1.11,2.59
134,Sh-1-6,Sh,H,4x,1,5.89,4.02,2.27,1.87,2.33,1.1,2.84
134,Sh-1-6,Sh,H,4x,2,6.32,4.12,2.34,1.73,2.32,1.04,2.82
134,Sh-1-6,Sh,H,4x,3,5.99,3.97,2.33,1.72,2.35,1.01,2.94
134,Sh-1-6,Sh,H,4x,4,6.14,4.06,2.33,2.1,2.39,1.17,2.92
134,Sh-1-6,Sh,H,4x,5,6.28,4.09,2.44,1.87,2.4,1.08,2.77
134,Sh-1-6,Sh,H,4x,6,5.92,3.93,2.31,1.8,2.36,1.07,2.84
149,Sh-2-1,Sh,H,4x,1,5.51,3.41,2.53,2.22,2.66,1.31,2.78
149,Sh-2-1,Sh,H,4x,2,5.16,3.31,2.45,1.77,2.25,1.27,2.76
149,Sh-2-1,Sh,H,4x,3,5.43,3.53,2.47,2.15,2.47,1.28,2.78
149,Sh-2-1,Sh,H,4x,4,6.6,3.77,2.74,2.54,2.74,1.54,2.72
149,Sh-2-1,Sh,H,4x,5,6.16,3.59,2.71,1.79,2.35,1.12,2.71
149,Sh-2-1,Sh,H,4x,6,5.53,3.4,2.55,2.3,2.41,1.5,2.98
105,Sh-2-2,Sh,H,4x,1,6.78,3.89,2.81,2.43,2.47,1.44,2.7
105,Sh-2-2,Sh,H,4x,2,6.79,3.87,2.73,2.2,2.41,1.29,2.77
105,Sh-2-2,Sh,H,4x,3,6.85,3.81,2.89,2.32,2.49,1.39,2.83
105,Sh-2-2,Sh,H,4x,4,6.77,3.77,2.92,2.38,2.44,1.29,2.63
105,Sh-2-2,Sh,H,4x,5,6.74,3.56,2.89,1.89,2.37,1.15,2.52
105,Sh-2-2,Sh,H,4x,6,7.19,3.9,2.93,2.21,2.54,1.25,2.7
97,Sh-2-3,Sh,H,4x,1,6.44,3.91,2.65,2.29,2.46,1.29,2.67
97,Sh-2-3,Sh,H,4x,2,6.85,4.09,2.68,2.35,2.64,1.25,2.62
97,Sh-2-3,Sh,H,4x,3,6.9,4.02,2.74,1.85,2.72,0.95,2.49
97,Sh-2-3,Sh,H,4x,4,6.65,3.96,2.63,1.99,2.18,1.26,2.54
97,Sh-2-3,Sh,H,4x,5,6.75,3.89,2.84,1.66,2.09,1.2,2.78
97,Sh-2-3,Sh,H,4x,6,6.74,3.9,2.77,1.61,1.72,1.35,3
146,Sh-2-4,Sh,H,4x,1,5.34,3.65,2.37,1.96,2.35,1.25,2.47
146,Sh-2-4,Sh,H,4x,2,5.4,3.64,2.37,1.95,2.17,1.29,2.42
146,Sh-2-4,Sh,H,4x,3,5.08,3.65,2.32,1.68,2,1.17,2.45
146,Sh-2-4,Sh,H,4x,4,5.07,3.4,2.37,2.46,2.47,1.46,2.37
146,Sh-2-4,Sh,H,4x,5,4.53,3.41,2.13,1.94,2.04,1.38,2.36
146,Sh-2-4,Sh,H,4x,6,4.99,3.43,2.36,1.7,2.21,1.12,2.78
84,Sh-2-5,Sh,H,4x,1,8.04,4.19,2.98,2.31,2.63,1.22,2.92
84,Sh-2-5,Sh,H,4x,2,7.83,4.07,3.01,2.01,2.59,1.25,2.94
84,Sh-2-5,Sh,H,4x,3,8.13,4.26,3.13,2.13,2.74,1.18,2.92
84,Sh-2-5,Sh,H,4x,4,7.46,4.15,2.86,1.92,2.46,1.16,2.61
84,Sh-2-5,Sh,H,4x,5,6.99,4.04,2.73,1.6,2.29,1.22,2.81
84,Sh-2-5,Sh,H,4x,6,7.01,4.14,2.78,2.06,2.68,1.03,2.94
87,Sh-2-6,Sh,H,4x,1,5.13,3.58,2.35,1.82,2.5,1.01,2.19
87,Sh-2-6,Sh,H,4x,2,5.16,3.65,2.31,1.76,2.21,1.18,2.44
87,Sh-2-6,Sh,H,4x,3,5.2,3.56,2.3,1.93,2.25,1.16,2.51
87,Sh-2-6,Sh,H,4x,4,6.04,3.81,2.56,1.79,2.2,1.4,2.68
87,Sh-2-6,Sh,H,4x,5,5.82,3.96,2.32,1.83,2.05,1.26,2.65
87,Sh-2-6,Sh,H,4x,6,5.3,3.64,2.35,2.03,2.62,1.15,2.72
174,Sh-3-1,Sh,H,4x,1,4.32,3.4,2.12,2.07,2.34,1.19,2.46
174,Sh-3-1,Sh,H,4x,2,4.16,3.38,1.96,2.11,2.23,1.29,2.54
174,Sh-3-1,Sh,H,4x,3,3.93,3.31,1.99,1.56,2.01,1.12,2.64
174,Sh-3-1,Sh,H,4x,4,4.88,3.63,2.24,1.95,2.28,1.16,2.69
174,Sh-3-1,Sh,H,4x,5,4.64,3.61,2.04,1.73,2.21,1.11,2.64
174,Sh-3-1,Sh,H,4x,6,4.84,3.61,2.17,1.85,2.24,1.15,2.74
194,Sh-3-2,Sh,H,4x,1,8.2,4.28,3.03,2.57,2.76,1.27,3.01
194,Sh-3-2,Sh,H,4x,2,8.24,4.25,2.97,2.5,2.87,1.23,2.78
194,Sh-3-2,Sh,H,4x,3,8.24,4.12,3.05,2.24,2.69,1.14,2.84
194,Sh-3-2,Sh,H,4x,4,9.53,4.66,3.19,3.18,2.93,1.52,2.82
194,Sh-3-2,Sh,H,4x,5,8.58,4.39,3.11,2.85,2.81,1.44,2.54
194,Sh-3-2,Sh,H,4x,6,8.62,4.45,3.06,2.42,2.72,1.18,2.89
233,Sh-3-3,Sh,H,4x,1,4.87,3.62,2.19,1.69,2.16,1.1,2.8
233,Sh-3-3,Sh,H,4x,2,4.92,3.6,2.25,1.69,2.07,1.19,2.77
233,Sh-3-3,Sh,H,4x,3,5.09,3.57,2.27,1.24,2.08,0.99,2.83
233,Sh-3-3,Sh,H,4x,4,5.06,3.51,2.3,1.58,2.34,0.97,2.78
233,Sh-3-3,Sh,H,4x,5,4.81,3.45,2.2,1.67,2.2,1.06,2.78
233,Sh-3-3,Sh,H,4x,6,5.27,3.67,2.44,1.47,2.26,1,2.79
212,Sh-3-5,Sh,H,4x,1,4.25,3.44,2,1.71,2.34,1,2.65
212,Sh-3-5,Sh,H,4x,2,4.18,3.27,2.05,1.54,2.34,0.87,2.64
212,Sh-3-5,Sh,H,4x,3,4.13,3.31,1.93,1.35,2.22,0.88,2.71
212,Sh-3-5,Sh,H,4x,4,4.34,3.41,2.1,2.11,2.43,1.17,2.66
212,Sh-3-5,Sh,H,4x,5,4.35,3.47,2.11,1.8,2.28,1.05,2.67
212,Sh-3-5,Sh,H,4x,6,4.26,3.48,1.99,1.53,2.38,0.95,2.67
247,Sh-3-6,Sh,H,4x,1,2.98,2.84,1.7,1.73,2.18,1.12,2.57
247,Sh-3-6,Sh,H,4x,2,2.97,2.81,1.75,1.56,2.08,1.03,2.68
247,Sh-3-6,Sh,H,4x,3,3.29,2.98,1.79,1.66,2.06,1.15,2.61
247,Sh-3-6,Sh,H,4x,4,4.47,3.35,2.09,1.98,2.33,1.22,2.67
247,Sh-3-6,Sh,H,4x,5,4.04,3.26,1.98,1.91,2.36,1.13,2.52
247,Sh-3-6,Sh,H,4x,6,4.16,3.26,2.03,1.9,2.28,1.2,2.6
159,Sh-5-1,Sh,H,4x,1,5.82,4.06,2.32,2.14,2.46,1.18,2.6
159,Sh-5-1,Sh,H,4x,2,5.58,3.91,2.25,1.82,2.52,0.98,2.52
159,Sh-5-1,Sh,H,4x,3,5.57,3.93,2.25,1.39,2.45,0.81,2.62
159,Sh-5-1,Sh,H,4x,4,5.36,3.81,2.22,2.03,2.31,1.17,2.25
159,Sh-5-1,Sh,H,4x,5,5.17,3.73,2.34,1.53,2.13,0.97,2.38
159,Sh-5-1,Sh,H,4x,6,5.65,3.98,2.31,1.52,2.11,1.04,2.44
236,Sh-5-2,Sh,H,4x,1,5.6,3.93,2.3,1.87,2.63,0.93,2.35
236,Sh-5-2,Sh,H,4x,2,5.34,3.84,2.19,1.51,2.64,0.73,2.3
236,Sh-5-2,Sh,H,4x,3,5.58,3.91,2.28,1.46,2.6,0.78,2.34
236,Sh-5-2,Sh,H,4x,4,5.98,4.01,2.41,2.08,2.61,1.07,2.25
236,Sh-5-2,Sh,H,4x,5,5.96,3.72,2.51,1.86,2.54,0.96,2.33
236,Sh-5-2,Sh,H,4x,6,6.01,4.14,2.39,2.06,2.46,1.17,2.35
143,Sh-5-3,Sh,H,4x,1,5.65,3.6,2.58,2.18,2.31,1.32,2.63
143,Sh-5-3,Sh,H,4x,2,5.35,3.69,2.34,1.85,2.34,1.11,2.61
143,Sh-5-3,Sh,H,4x,3,4.96,3.61,2.35,2.1,2.41,1.17,2.72
143,Sh-5-3,Sh,H,4x,4,4.94,3.52,2.25,1.66,2.26,1.04,2.43
143,Sh-5-3,Sh,H,4x,5,5.15,3.51,2.4,1.61,2.18,1.13,2.54
143,Sh-5-3,Sh,H,4x,6,5.33,3.54,2.38,1.7,2.22,1.08,2.58
153,Sh-5-4,Sh,H,4x,1,5.98,4.01,2.44,2.05,2.42,1.18,2.46
153,Sh-5-4,Sh,H,4x,2,5.53,3.92,2.25,1.74,2.53,0.97,2.78
153,Sh-5-4,Sh,H,4x,3,5.25,3.83,2.3,1.78,2.47,1,2.51
153,Sh-5-4,Sh,H,4x,4,5.47,3.97,2.2,1.93,2.45,1.06,2.31
153,Sh-5-4,Sh,H,4x,5,5.23,3.84,2.17,1.62,2.4,0.95,2.52
153,Sh-5-4,Sh,H,4x,6,4.99,3.71,2.09,1.44,2.24,0.84,2.58
108,Sh-5-6,Sh,H,4x,1,6.95,4.01,2.62,1.81,2.4,1.06,2.61
108,Sh-5-6,Sh,H,4x,2,6.44,3.94,2.56,1.5,2.12,1,2.67
108,Sh-5-6,Sh,H,4x,3,6.47,4.03,2.46,1.83,2.28,1.15,2.54
108,Sh-5-6,Sh,H,4x,4,6.5,3.87,2.48,1.67,2.27,1.02,2.44
108,Sh-5-6,Sh,H,4x,5,6.15,3.93,2.45,1.71,2.17,1.12,2.47
108,Sh-5-6,Sh,H,4x,6,6.86,3.98,2.57,1.86,2.33,1.1,2.61
163,Sh-5-6,Sh,H,4x,1,6.07,4.04,2.34,1.75,2.29,1.02,2.54
163,Sh-5-6,Sh,H,4x,2,5.81,3.82,2.42,1.58,2.42,0.91,2.56
163,Sh-5-6,Sh,H,4x,3,6.36,4.1,2.45,2.01,2.46,1.09,2.49
163,Sh-5-6,Sh,H,4x,4,7.11,4.34,2.6,1.89,2.51,0.97,2.38
163,Sh-5-6,Sh,H,4x,5,6.05,4.28,2.27,1.68,2.43,0.97,2.51
163,Sh-5-6,Sh,H,4x,6,6.25,3.99,2.46,1.86,2.48,1.09,2.67
126,Sh-7-1,Sh,H,4x,1,5.54,3.75,2.41,1.94,2.51,1.1,2.88
126,Sh-7-1,Sh,H,4x,2,5.2,3.57,2.3,1.98,2.49,1.16,2.69
126,Sh-7-1,Sh,H,4x,3,4.81,3.46,2.19,1.95,2.39,1.14,2.59
126,Sh-7-1,Sh,H,4x,4,4.98,3.42,2.28,2.38,2.38,1.39,2.62
126,Sh-7-1,Sh,H,4x,5,4.73,3.3,2.23,1.97,2.23,1.28,2.55
126,Sh-7-1,Sh,H,4x,6,5.1,3.54,2.35,1.57,2.35,0.95,2.67
254,Sh-7-2,Sh,H,4x,1,6.69,3.85,2.75,2.21,2.42,1.22,2.4
254,Sh-7-2,Sh,H,4x,2,5.95,3.77,2.46,2.04,2.4,1.27,2.67
254,Sh-7-2,Sh,H,4x,3,5.97,3.88,2.43,1.48,2.33,0.87,2.65
254,Sh-7-2,Sh,H,4x,4,5.51,3.56,2.45,2.03,2.22,1.17,2.56
254,Sh-7-2,Sh,H,4x,5,5.67,3.6,2.51,1.58,2.36,0.96,2.79
254,Sh-7-2,Sh,H,4x,6,5.22,3.43,2.33,1.92,2.21,1.16,2.78
115,Sh-7-3,Sh,H,4x,1,4.86,3.49,2.26,2.11,2.24,1.34,2.54
115,Sh-7-3,Sh,H,4x,2,4.81,3.61,2.23,1.72,2.14,1.2,2.52
115,Sh-7-3,Sh,H,4x,3,4.79,3.42,2.23,1.53,1.94,1.2,2.71
115,Sh-7-3,Sh,H,4x,4,4.66,3.44,2.19,1.88,2.19,1.24,2.48
115,Sh-7-3,Sh,H,4x,5,4.37,3.09,2.26,1.53,1.99,1.19,2.52
115,Sh-7-3,Sh,H,4x,6,4.33,3.14,2.23,1.52,2.11,1,2.41
130,Sh-7-4,Sh,H,4x,1,4.82,3.45,2.23,1.82,2.07,1.26,2.3
130,Sh-7-4,Sh,H,4x,2,4.63,3.52,2.13,2.04,2.17,1.28,2.45
130,Sh-7-4,Sh,H,4x,3,4.58,3.29,2.17,1.88,1.96,1.39,2.64
130,Sh-7-4,Sh,H,4x,4,4.28,3.28,2.22,1.87,2.22,1.15,2.27
130,Sh-7-4,Sh,H,4x,5,4.25,3.15,2.1,1.48,2.11,1.04,2.37
130,Sh-7-4,Sh,H,4x,6,4.17,3.13,2.02,1.72,2,1.25,2.67
158,Sh-7-5,Sh,H,4x,1,5.73,3.82,2.47,2.04,2.42,1.09,2.75
158,Sh-7-5,Sh,H,4x,2,5.86,3.8,2.43,1.68,2.45,1,2.71
158,Sh-7-5,Sh,H,4x,3,5.85,3.85,2.58,2.02,2.34,1.13,2.8
158,Sh-7-5,Sh,H,4x,4,6.03,3.94,2.38,2.36,2.47,1.25,2.47
158,Sh-7-5,Sh,H,4x,5,6.36,4.05,2.49,1.67,2.47,0.98,2.58
158,Sh-7-5,Sh,H,4x,6,6.87,4.11,2.79,1.7,2.31,0.99,2.55
215,Sh-7-6,Sh,H,4x,1,5.2,3.87,2.12,1.89,2.57,1.02,2.68
215,Sh-7-6,Sh,H,4x,2,5.41,3.77,2.28,2.01,2.49,1.07,2.72
215,Sh-7-6,Sh,H,4x,3,5.56,3.62,2.41,1.73,2.48,1.03,2.84
215,Sh-7-6,Sh,H,4x,4,4.97,3.64,2.27,1.85,2.28,1.1,2.55
215,Sh-7-6,Sh,H,4x,5,4.83,3.55,2.13,1.82,2.35,1.08,2.56
215,Sh-7-6,Sh,H,4x,6,4.9,3.7,2.11,1.62,2.28,1.09,2.64
169,Sh-9-1,Sh,H,4x,1,5.61,3.78,2.42,2.07,2.22,1.32,2.43
169,Sh-9-1,Sh,H,4x,2,5.88,3.69,2.56,1.96,2.53,1.06,2.44
169,Sh-9-1,Sh,H,4x,3,5.56,3.81,2.34,1.83,2.26,1.12,2.35
169,Sh-9-1,Sh,H,4x,4,5.56,3.6,2.43,2.16,2.24,1.3,2.49
169,Sh-9-1,Sh,H,4x,5,5.31,3.56,2.4,2.06,2.39,1.23,2.34
169,Sh-9-1,Sh,H,4x,6,5.76,3.72,2.44,1.9,2.29,1.15,2.37
69,Sh-9-2,Sh,H,4x,1,6.91,4.04,2.81,2.42,2.58,1.29,2.67
69,Sh-9-2,Sh,H,4x,2,6.73,4.13,2.78,2.05,2.48,1.07,2.6
69,Sh-9-2,Sh,H,4x,3,6.47,3.8,2.72,1.88,2.29,1.17,2.73
69,Sh-9-2,Sh,H,4x,4,7.96,4.14,3.01,2.32,2.5,1.31,2.65
69,Sh-9-2,Sh,H,4x,5,7.72,3.9,2.99,2.26,2.46,1.18,2.47
69,Sh-9-2,Sh,H,4x,6,7.89,4.3,2.94,2.27,2.57,1.37,2.71
241,Sh-9-3,Sh,H,4x,1,4.65,3.37,2.14,1.61,2.2,1.04,2.79
241,Sh-9-3,Sh,H,4x,2,4.57,3.34,2.15,1.72,2.38,1.01,2.54
241,Sh-9-3,Sh,H,4x,3,4.38,3.46,2.03,1.4,2.3,0.81,2.6
241,Sh-9-3,Sh,H,4x,4,4.54,3.36,2.18,1.72,2.26,1.07,2.47
241,Sh-9-3,Sh,H,4x,5,4.16,3.39,1.9,1.65,2.13,1.04,2.47
241,Sh-9-3,Sh,H,4x,6,4.43,3.49,2.07,1.55,2.03,1.09,2.39
114,Sh-9-4,Sh,H,4x,1,6.12,3.77,2.52,1.95,2.49,1.12,2.83
114,Sh-9-4,Sh,H,4x,2,6.21,3.94,2.58,2.09,2.48,1.19,2.52
114,Sh-9-4,Sh,H,4x,3,6.67,4.01,2.73,2.41,2.61,1.25,2.56
114,Sh-9-4,Sh,H,4x,4,5.6,3.63,2.43,2,2.24,1.25,2.46
114,Sh-9-4,Sh,H,4x,5,5.44,3.63,2.41,1.96,2.21,1.26,2.43
114,Sh-9-4,Sh,H,4x,6,5.44,3.59,2.38,2.17,2.33,1.33,2.49
118,Sh-9-5,Sh,H,4x,1,5.34,3.61,2.41,2.23,2.33,1.39,2.27
118,Sh-9-5,Sh,H,4x,2,5.51,3.78,2.48,1.92,2.01,1.27,2.23
118,Sh-9-5,Sh,H,4x,3,5.39,3.75,2.37,2.04,2.22,1.28,2.39
118,Sh-9-5,Sh,H,4x,4,5.51,3.6,2.49,1.63,2.14,1.05,2.22
118,Sh-9-5,Sh,H,4x,5,4.8,3.42,2.23,1.54,2.06,1.04,2.29
118,Sh-9-5,Sh,H,4x,6,4.99,3.57,2.3,1.63,1.91,1.25,2.3
170,Sh-9-6,Sh,H,4x,1,5.29,3.63,2.32,1.91,2.25,1.14,2.45
170,Sh-9-6,Sh,H,4x,2,5.52,3.68,2.34,2.13,2.28,1.34,2.53
170,Sh-9-6,Sh,H,4x,3,5.27,3.78,2.17,1.92,2.4,1.11,2.46
170,Sh-9-6,Sh,H,4x,4,5.18,3.6,2.28,2.18,2.47,1.19,2.32
170,Sh-9-6,Sh,H,4x,5,5.12,3.58,2.28,1.83,2.32,1.07,2.64
170,Sh-9-6,Sh,H,4x,6,5.09,3.58,2.26,2.04,2.25,1.36,2.76
